{
"type": "FeatureCollection",
"name": "Outline_of_India",
"xy_coordinate_resolution": 1e-05,
"features": [
{ "type": "Feature", "properties": { "Country": "India", "Area": 3179091.92631, "Country_Co": 91 }, "geometry": { "type": "MultiPolygon", "coordinates": [ [ [ [ 93.84781, 6.78187 ], [ 93.84743, 6.78204 ], [ 93.84777, 6.78165 ], [ 93.84781, 6.78187 ] ] ], [ [ [ 93.9505, 6.93524 ], [ 93.94948, 6.93581 ], [ 93.94931, 6.93502 ], [ 93.9505, 6.93524 ] ] ], [ [ [ 93.95329, 6.93785 ], [ 93.95323, 6.93834 ], [ 93.95294, 6.9379 ], [ 93.95329, 6.93785 ] ] ], [ [ [ 93.94626, 6.95395 ], [ 93.94618, 6.95397 ], [ 93.94621, 6.95384 ], [ 93.94626, 6.95395 ] ] ], [ [ [ 93.94766, 6.95425 ], [ 93.94748, 6.95442 ], [ 93.94734, 6.95409 ], [ 93.94766, 6.95425 ] ] ], [ [ [ 93.94596, 6.95645 ], [ 93.9459, 6.95649 ], [ 93.94585, 6.95635 ], [ 93.94596, 6.95645 ] ] ], [ [ [ 93.94444, 6.98704 ], [ 93.94425, 6.98708 ], [ 93.94421, 6.98685 ], [ 93.94444, 6.98704 ] ] ], [ [ [ 93.94533, 6.99194 ], [ 93.9452, 6.99198 ], [ 93.94519, 6.9918 ], [ 93.94533, 6.99194 ] ] ], [ [ [ 93.94469, 6.9923 ], [ 93.94421, 6.9922 ], [ 93.9444, 6.99165 ], [ 93.94469, 6.9923 ] ] ], [ [ [ 93.94689, 7.01157 ], [ 93.94668, 7.01174 ], [ 93.94665, 7.01144 ], [ 93.94689, 7.01157 ] ] ], [ [ [ 93.94542, 7.01295 ], [ 93.94537, 7.01299 ], [ 93.94526, 7.01289 ], [ 93.94542, 7.01295 ] ] ], [ [ [ 93.92694, 7.02835 ], [ 93.92686, 7.02835 ], [ 93.92688, 7.02825 ], [ 93.92694, 7.02835 ] ] ], [ [ [ 93.90329, 7.07823 ], [ 93.90293, 7.07836 ], [ 93.9045, 7.07714 ], [ 93.90329, 7.07823 ] ] ], [ [ [ 93.70969, 7.23001 ], [ 93.71877, 7.2061 ], [ 93.72073, 7.21298 ], [ 93.70969, 7.23001 ] ] ], [ [ [ 93.83742, 7.24045 ], [ 93.79623, 7.23543 ], [ 93.79207, 7.20826 ], [ 93.67633, 7.19304 ], [ 93.64318, 7.12728 ], [ 93.66727, 7.11261 ], [ 93.66583, 7.11078 ], [ 93.66177, 7.11058 ], [ 93.66199, 7.10944 ], [ 93.65434, 7.10913 ], [ 93.64439, 7.10069 ], [ 93.66697, 7.02257 ], [ 93.65503, 7.00549 ], [ 93.70179, 7.011 ], [ 93.69534, 7.02291 ], [ 93.69779, 7.02491 ], [ 93.70008, 7.02536 ], [ 93.70073, 7.02443 ], [ 93.70072, 7.02314 ], [ 93.69818, 7.01853 ], [ 93.70148, 7.01541 ], [ 93.70322, 7.01184 ], [ 93.70127, 7.0104 ], [ 93.69868, 7.00973 ], [ 93.6931, 7.00964 ], [ 93.69599, 6.992 ], [ 93.7175, 6.99499 ], [ 93.73307, 6.97503 ], [ 93.73285, 6.99577 ], [ 93.73764, 7.0 ], [ 93.73734, 6.99787 ], [ 93.73311, 6.99552 ], [ 93.73815, 6.99425 ], [ 93.73895, 6.9898 ], [ 93.73845, 6.98903 ], [ 93.7357, 6.98991 ], [ 93.73695, 6.97692 ], [ 93.73382, 6.97505 ], [ 93.73276, 6.97472 ], [ 93.7312, 6.9754 ], [ 93.72509, 6.98219 ], [ 93.72207, 6.98671 ], [ 93.71981, 6.99084 ], [ 93.71561, 6.98955 ], [ 93.74101, 6.95626 ], [ 93.73171, 6.92188 ], [ 93.77686, 6.88048 ], [ 93.76263, 6.86289 ], [ 93.80987, 6.81197 ], [ 93.79915, 6.76619 ], [ 93.82248, 6.75278 ], [ 93.84721, 6.83496 ], [ 93.85054, 6.83332 ], [ 93.8551, 6.82784 ], [ 93.85525, 6.8262 ], [ 93.85494, 6.81999 ], [ 93.84702, 6.81134 ], [ 93.87599, 6.79323 ], [ 93.89772, 6.81346 ], [ 93.89147, 6.9012 ], [ 93.91538, 6.94728 ], [ 93.94135, 6.95434 ], [ 93.90988, 6.99932 ], [ 93.94463, 7.0014 ], [ 93.88104, 7.08969 ], [ 93.86995, 7.20471 ], [ 93.83708, 7.21808 ], [ 93.83742, 7.24045 ] ] ], [ [ [ 93.79785, 7.24883 ], [ 93.78745, 7.24315 ], [ 93.79049, 7.241 ], [ 93.79785, 7.24883 ] ] ], [ [ [ 93.84767, 7.28858 ], [ 93.84783, 7.28965 ], [ 93.84422, 7.28748 ], [ 93.84767, 7.28858 ] ] ], [ [ [ 93.61692, 7.33062 ], [ 93.61947, 7.32518 ], [ 93.62295, 7.32785 ], [ 93.61692, 7.33062 ] ] ], [ [ [ 93.68041, 7.4116 ], [ 93.67037, 7.40941 ], [ 93.67375, 7.39761 ], [ 93.68041, 7.4116 ] ] ], [ [ [ 93.76502, 7.40284 ], [ 93.76255, 7.39631 ], [ 93.77061, 7.39585 ], [ 93.76502, 7.40284 ] ] ], [ [ [ 93.69947, 7.44738 ], [ 93.7018, 7.39364 ], [ 93.67029, 7.39115 ], [ 93.65631, 7.36596 ], [ 93.65492, 7.38518 ], [ 93.61944, 7.37426 ], [ 93.61833, 7.35446 ], [ 93.62411, 7.33327 ], [ 93.62332, 7.3228 ], [ 93.60709, 7.31051 ], [ 93.63581, 7.24281 ], [ 93.74383, 7.36145 ], [ 93.69947, 7.44738 ] ] ], [ [ [ 93.63085, 7.47264 ], [ 93.63057, 7.47264 ], [ 93.63066, 7.47204 ], [ 93.63085, 7.47264 ] ] ], [ [ [ 93.64811, 7.47685 ], [ 93.64334, 7.475 ], [ 93.64364, 7.47186 ], [ 93.64811, 7.47685 ] ] ], [ [ [ 93.62243, 7.48252 ], [ 93.61866, 7.48321 ], [ 93.62177, 7.47787 ], [ 93.62243, 7.48252 ] ] ], [ [ [ 93.54057, 7.52422 ], [ 93.54145, 7.51188 ], [ 93.54704, 7.51383 ], [ 93.54057, 7.52422 ] ] ], [ [ [ 73.01056, 8.27623 ], [ 73.01161, 8.27596 ], [ 73.01189, 8.27672 ], [ 73.01056, 8.27623 ] ] ], [ [ [ 73.01389, 8.30198 ], [ 73.01357, 8.30205 ], [ 73.0135, 8.30181 ], [ 73.01389, 8.30198 ] ] ], [ [ [ 73.05402, 8.27301 ], [ 73.07829, 8.32397 ], [ 73.0748, 8.32032 ], [ 73.06852, 8.3088 ], [ 73.0635, 8.29354 ], [ 73.04763, 8.27514 ], [ 73.01762, 8.2751 ], [ 73.02135, 8.26816 ], [ 73.04263, 8.26367 ], [ 73.05402, 8.27301 ] ] ], [ [ [ 93.44224, 7.87667 ], [ 93.4416, 7.87757 ], [ 93.44124, 7.87672 ], [ 93.44224, 7.87667 ] ] ], [ [ [ 93.38774, 7.89105 ], [ 93.38725, 7.89201 ], [ 93.38629, 7.89131 ], [ 93.38774, 7.89105 ] ] ], [ [ [ 93.39097, 7.89648 ], [ 93.38914, 7.90034 ], [ 93.38705, 7.89592 ], [ 93.39097, 7.89648 ] ] ], [ [ [ 93.39037, 7.90174 ], [ 93.39108, 7.89953 ], [ 93.39254, 7.89943 ], [ 93.39037, 7.90174 ] ] ], [ [ [ 93.39507, 7.89863 ], [ 93.39872, 7.89849 ], [ 93.39974, 7.90192 ], [ 93.39507, 7.89863 ] ] ], [ [ [ 93.32623, 7.93098 ], [ 93.32261, 7.93157 ], [ 93.32343, 7.93019 ], [ 93.32623, 7.93098 ] ] ], [ [ [ 93.3402, 7.94044 ], [ 93.33883, 7.94274 ], [ 93.33479, 7.93871 ], [ 93.3402, 7.94044 ] ] ], [ [ [ 93.56881, 7.92699 ], [ 93.56852, 7.92705 ], [ 93.5685, 7.92688 ], [ 93.56881, 7.92699 ] ] ], [ [ [ 93.47747, 8.00934 ], [ 93.47688, 8.00992 ], [ 93.47662, 8.00923 ], [ 93.47747, 8.00934 ] ] ], [ [ [ 93.4787, 8.01074 ], [ 93.47785, 8.01103 ], [ 93.47743, 8.00977 ], [ 93.4787, 8.01074 ] ] ], [ [ [ 93.36945, 8.02353 ], [ 93.31998, 8.00738 ], [ 93.30787, 7.93386 ], [ 93.32195, 7.92293 ], [ 93.32448, 7.92519 ], [ 93.32108, 7.92935 ], [ 93.32359, 7.93586 ], [ 93.33786, 7.93523 ], [ 93.33149, 7.93829 ], [ 93.33855, 7.9461 ], [ 93.33189, 7.94951 ], [ 93.34183, 7.94686 ], [ 93.33499, 7.90014 ], [ 93.36796, 7.87767 ], [ 93.3881, 7.90158 ], [ 93.41198, 7.90693 ], [ 93.45446, 7.87244 ], [ 93.4519, 7.93929 ], [ 93.42091, 7.96861 ], [ 93.40362, 7.96156 ], [ 93.40137, 8.00878 ], [ 93.36945, 8.02353 ] ] ], [ [ [ 93.47558, 8.01435 ], [ 93.4752, 8.01459 ], [ 93.47473, 8.01404 ], [ 93.47558, 8.01435 ] ] ], [ [ [ 93.47507, 8.01575 ], [ 93.47467, 8.01588 ], [ 93.47434, 8.0151 ], [ 93.47507, 8.01575 ] ] ], [ [ [ 93.47561, 8.01698 ], [ 93.47557, 8.01723 ], [ 93.47483, 8.01704 ], [ 93.47561, 8.01698 ] ] ], [ [ [ 93.54084, 8.02845 ], [ 93.54377, 7.99136 ], [ 93.54271, 7.99188 ], [ 93.541, 7.99659 ], [ 93.5381, 7.99871 ], [ 93.53802, 8.0025 ], [ 93.53197, 8.00839 ], [ 93.53245, 8.016 ], [ 93.52208, 8.02618 ], [ 93.49472, 7.99324 ], [ 93.56942, 7.92827 ], [ 93.57331, 7.99423 ], [ 93.54084, 8.02845 ] ] ], [ [ [ 93.4747, 8.0357 ], [ 93.4736, 8.03591 ], [ 93.47358, 8.03494 ], [ 93.4747, 8.0357 ] ] ], [ [ [ 93.49325, 8.04838 ], [ 93.49366, 8.04686 ], [ 93.49514, 8.04809 ], [ 93.49325, 8.04838 ] ] ], [ [ [ 93.51409, 8.06484 ], [ 93.51377, 8.06493 ], [ 93.51364, 8.06455 ], [ 93.51409, 8.06484 ] ] ], [ [ [ 93.51487, 8.06927 ], [ 93.51453, 8.06948 ], [ 93.51447, 8.06909 ], [ 93.51487, 8.06927 ] ] ], [ [ [ 93.5142, 8.07506 ], [ 93.51379, 8.07566 ], [ 93.51313, 8.07522 ], [ 93.5142, 8.07506 ] ] ], [ [ [ 93.57595, 8.11916 ], [ 93.55287, 8.12039 ], [ 93.56767, 8.11958 ], [ 93.57821, 8.07424 ], [ 93.56259, 8.06748 ], [ 93.58476, 8.03807 ], [ 93.59155, 8.04986 ], [ 93.57595, 8.11916 ] ] ], [ [ [ 93.19407, 8.18655 ], [ 93.19381, 8.18663 ], [ 93.19373, 8.18639 ], [ 93.19407, 8.18655 ] ] ], [ [ [ 93.18828, 8.19061 ], [ 93.18792, 8.19069 ], [ 93.18794, 8.19034 ], [ 93.18828, 8.19061 ] ] ], [ [ [ 93.19744, 8.19042 ], [ 93.1972, 8.19056 ], [ 93.19707, 8.19036 ], [ 93.19744, 8.19042 ] ] ], [ [ [ 93.17533, 8.19415 ], [ 93.17487, 8.19412 ], [ 93.17522, 8.19373 ], [ 93.17533, 8.19415 ] ] ], [ [ [ 93.18657, 8.19384 ], [ 93.18625, 8.19416 ], [ 93.18605, 8.19369 ], [ 93.18657, 8.19384 ] ] ], [ [ [ 93.18813, 8.19538 ], [ 93.18779, 8.19538 ], [ 93.18782, 8.19515 ], [ 93.18813, 8.19538 ] ] ], [ [ [ 93.21146, 8.19709 ], [ 93.21117, 8.19713 ], [ 93.21107, 8.1968 ], [ 93.21146, 8.19709 ] ] ], [ [ [ 93.12708, 8.21637 ], [ 93.12653, 8.21631 ], [ 93.12656, 8.21599 ], [ 93.12708, 8.21637 ] ] ], [ [ [ 93.11767, 8.21901 ], [ 93.11757, 8.21918 ], [ 93.11717, 8.21893 ], [ 93.11767, 8.21901 ] ] ], [ [ [ 93.11731, 8.22029 ], [ 93.11709, 8.22035 ], [ 93.11705, 8.22016 ], [ 93.11731, 8.22029 ] ] ], [ [ [ 93.23865, 8.22238 ], [ 93.23786, 8.22238 ], [ 93.23847, 8.22141 ], [ 93.23865, 8.22238 ] ] ], [ [ [ 93.22657, 8.22487 ], [ 93.22625, 8.22438 ], [ 93.2273, 8.22455 ], [ 93.22657, 8.22487 ] ] ], [ [ [ 93.23415, 8.22433 ], [ 93.23378, 8.22412 ], [ 93.23394, 8.22391 ], [ 93.23415, 8.22433 ] ] ], [ [ [ 93.24238, 8.23296 ], [ 93.24225, 8.23305 ], [ 93.24212, 8.23282 ], [ 93.24238, 8.23296 ] ] ], [ [ [ 78.20525, 8.84178 ], [ 78.21922, 8.8339 ], [ 78.21579, 8.84201 ], [ 78.20525, 8.84178 ] ] ], [ [ [ 93.24199, 8.23386 ], [ 93.24183, 8.23392 ], [ 93.24178, 8.23382 ], [ 93.24199, 8.23386 ] ] ], [ [ [ 93.24214, 8.23423 ], [ 93.24201, 8.23426 ], [ 93.24203, 8.2341 ], [ 93.24214, 8.23423 ] ] ], [ [ [ 93.51331, 8.23506 ], [ 93.43747, 8.17038 ], [ 93.45878, 8.10211 ], [ 93.48786, 8.09507 ], [ 93.48784, 8.09076 ], [ 93.48391, 8.08764 ], [ 93.46972, 8.08861 ], [ 93.47575, 8.0529 ], [ 93.52116, 8.08038 ], [ 93.51569, 8.05325 ], [ 93.49378, 8.05752 ], [ 93.49911, 8.03805 ], [ 93.47585, 8.0461 ], [ 93.49109, 7.99845 ], [ 93.49845, 8.03592 ], [ 93.52126, 8.05059 ], [ 93.5408, 8.03614 ], [ 93.53776, 8.08999 ], [ 93.49279, 8.14617 ], [ 93.53653, 8.2024 ], [ 93.53463, 8.229 ], [ 93.51331, 8.23506 ] ] ], [ [ [ 78.22181, 8.87204 ], [ 78.22666, 8.86626 ], [ 78.2274, 8.87082 ], [ 78.22181, 8.87204 ] ] ], [ [ [ 93.22662, 8.26571 ], [ 93.20969, 8.2514 ], [ 93.2295, 8.2218 ], [ 93.24115, 8.23564 ], [ 93.22662, 8.26571 ] ] ], [ [ [ 93.22673, 8.26694 ], [ 93.22663, 8.267 ], [ 93.22642, 8.2668 ], [ 93.22673, 8.26694 ] ] ], [ [ [ 93.08963, 8.34583 ], [ 93.08917, 8.34599 ], [ 93.08887, 8.34553 ], [ 93.08963, 8.34583 ] ] ], [ [ [ 78.27023, 8.94317 ], [ 78.26955, 8.93914 ], [ 78.27131, 8.93961 ], [ 78.27023, 8.94317 ] ] ], [ [ [ 93.08493, 8.3408 ], [ 93.07584, 8.27346 ], [ 93.11162, 8.22364 ], [ 93.1909, 8.19612 ], [ 93.19283, 8.2186 ], [ 93.11972, 8.2728 ], [ 93.13351, 8.34654 ], [ 93.08493, 8.3408 ] ] ], [ [ [ 78.25522, 8.95457 ], [ 78.25189, 8.95639 ], [ 78.25057, 8.95285 ], [ 78.25522, 8.95457 ] ] ], [ [ [ 93.0497, 8.44271 ], [ 93.04958, 8.44275 ], [ 93.04942, 8.44246 ], [ 93.0497, 8.44271 ] ] ], [ [ [ 93.04957, 8.44321 ], [ 93.04945, 8.44303 ], [ 93.0496, 8.44297 ], [ 93.04957, 8.44321 ] ] ], [ [ [ 93.05022, 8.44389 ], [ 93.05015, 8.44334 ], [ 93.05039, 8.44341 ], [ 93.05022, 8.44389 ] ] ], [ [ [ 93.05005, 8.4447 ], [ 93.04972, 8.44483 ], [ 93.04972, 8.44458 ], [ 93.05005, 8.4447 ] ] ], [ [ [ 93.05033, 8.44496 ], [ 93.05009, 8.44511 ], [ 93.04989, 8.44488 ], [ 93.05033, 8.44496 ] ] ], [ [ [ 93.04983, 8.44527 ], [ 93.04966, 8.44534 ], [ 93.04968, 8.44505 ], [ 93.04983, 8.44527 ] ] ], [ [ [ 93.04972, 8.44572 ], [ 93.04954, 8.44576 ], [ 93.04958, 8.44549 ], [ 93.04972, 8.44572 ] ] ], [ [ [ 93.63589, 8.39263 ], [ 93.63588, 8.39279 ], [ 93.63549, 8.39265 ], [ 93.63589, 8.39263 ] ] ], [ [ [ 93.62599, 8.39432 ], [ 93.62588, 8.39453 ], [ 93.62542, 8.39421 ], [ 93.62599, 8.39432 ] ] ], [ [ [ 93.62756, 8.39493 ], [ 93.62751, 8.39502 ], [ 93.62722, 8.39493 ], [ 93.62756, 8.39493 ] ] ], [ [ [ 93.62726, 8.39531 ], [ 93.62712, 8.39535 ], [ 93.62708, 8.39526 ], [ 93.62726, 8.39531 ] ] ], [ [ [ 93.63121, 8.39484 ], [ 93.63302, 8.39414 ], [ 93.63251, 8.39473 ], [ 93.63121, 8.39484 ] ] ], [ [ [ 93.62625, 8.39573 ], [ 93.62616, 8.39596 ], [ 93.62602, 8.39577 ], [ 93.62625, 8.39573 ] ] ], [ [ [ 93.63455, 8.39546 ], [ 93.6338, 8.39455 ], [ 93.64357, 8.38921 ], [ 93.63455, 8.39546 ] ] ], [ [ [ 93.62456, 8.39776 ], [ 93.62486, 8.39653 ], [ 93.62555, 8.39715 ], [ 93.62456, 8.39776 ] ] ], [ [ [ 93.6233, 8.3981 ], [ 93.62315, 8.39819 ], [ 93.6231, 8.39809 ], [ 93.6233, 8.3981 ] ] ], [ [ [ 93.62318, 8.39857 ], [ 93.62309, 8.39865 ], [ 93.62298, 8.39842 ], [ 93.62318, 8.39857 ] ] ], [ [ [ 93.62444, 8.39786 ], [ 93.62388, 8.39859 ], [ 93.62372, 8.39769 ], [ 93.62444, 8.39786 ] ] ], [ [ [ 93.62358, 8.39862 ], [ 93.62347, 8.3987 ], [ 93.62334, 8.3985 ], [ 93.62358, 8.39862 ] ] ], [ [ [ 93.634, 8.39748 ], [ 93.63372, 8.39784 ], [ 93.63362, 8.39675 ], [ 93.634, 8.39748 ] ] ], [ [ [ 93.62329, 8.39904 ], [ 93.6231, 8.39903 ], [ 93.62312, 8.3989 ], [ 93.62329, 8.39904 ] ] ], [ [ [ 93.6234, 8.39934 ], [ 93.62318, 8.39937 ], [ 93.62325, 8.39919 ], [ 93.6234, 8.39934 ] ] ], [ [ [ 93.62259, 8.4005 ], [ 93.62237, 8.40045 ], [ 93.62237, 8.40034 ], [ 93.62259, 8.4005 ] ] ], [ [ [ 93.63247, 8.39959 ], [ 93.63228, 8.39948 ], [ 93.63233, 8.39942 ], [ 93.63247, 8.39959 ] ] ], [ [ [ 93.62315, 8.40048 ], [ 93.62304, 8.40055 ], [ 93.62288, 8.40035 ], [ 93.62315, 8.40048 ] ] ], [ [ [ 93.62286, 8.40083 ], [ 93.6227, 8.401 ], [ 93.62264, 8.40081 ], [ 93.62286, 8.40083 ] ] ], [ [ [ 93.62233, 8.40111 ], [ 93.6222, 8.40115 ], [ 93.62213, 8.40097 ], [ 93.62233, 8.40111 ] ] ], [ [ [ 93.62266, 8.40203 ], [ 93.62246, 8.40208 ], [ 93.62235, 8.40192 ], [ 93.62266, 8.40203 ] ] ], [ [ [ 93.62373, 8.41746 ], [ 93.62342, 8.41765 ], [ 93.62338, 8.41717 ], [ 93.62373, 8.41746 ] ] ], [ [ [ 93.02887, 8.46796 ], [ 93.03341, 8.44158 ], [ 93.04917, 8.44238 ], [ 93.02887, 8.46796 ] ] ], [ [ [ 93.61423, 8.41854 ], [ 93.61345, 8.41891 ], [ 93.61361, 8.41791 ], [ 93.61423, 8.41854 ] ] ], [ [ [ 93.62275, 8.41885 ], [ 93.62263, 8.419 ], [ 93.62251, 8.41884 ], [ 93.62275, 8.41885 ] ] ], [ [ [ 93.6133, 8.4197 ], [ 93.613, 8.42003 ], [ 93.6129, 8.41964 ], [ 93.6133, 8.4197 ] ] ], [ [ [ 93.6126, 8.42102 ], [ 93.61242, 8.42099 ], [ 93.6128, 8.42021 ], [ 93.6126, 8.42102 ] ] ], [ [ [ 93.62275, 8.41964 ], [ 93.62241, 8.42013 ], [ 93.62242, 8.41944 ], [ 93.62275, 8.41964 ] ] ], [ [ [ 93.61376, 8.42096 ], [ 93.61348, 8.42103 ], [ 93.61346, 8.42082 ], [ 93.61376, 8.42096 ] ] ], [ [ [ 93.62225, 8.42094 ], [ 93.62212, 8.42101 ], [ 93.62204, 8.42078 ], [ 93.62225, 8.42094 ] ] ], [ [ [ 93.62211, 8.42179 ], [ 93.62199, 8.42189 ], [ 93.62195, 8.42169 ], [ 93.62211, 8.42179 ] ] ], [ [ [ 93.61271, 8.4229 ], [ 93.61257, 8.42302 ], [ 93.61242, 8.42286 ], [ 93.61271, 8.4229 ] ] ], [ [ [ 93.62041, 8.42591 ], [ 93.62031, 8.42589 ], [ 93.62035, 8.42582 ], [ 93.62041, 8.42591 ] ] ], [ [ [ 93.62003, 8.42772 ], [ 93.61997, 8.42767 ], [ 93.61997, 8.4276 ], [ 93.62003, 8.42772 ] ] ], [ [ [ 93.62628, 8.429 ], [ 93.62603, 8.42892 ], [ 93.62648, 8.42876 ], [ 93.62628, 8.429 ] ] ], [ [ [ 93.60652, 8.43253 ], [ 93.60617, 8.4325 ], [ 93.60625, 8.43232 ], [ 93.60652, 8.43253 ] ] ], [ [ [ 93.60708, 8.43633 ], [ 93.6064, 8.43604 ], [ 93.60648, 8.43588 ], [ 93.60708, 8.43633 ] ] ], [ [ [ 78.49555, 9.09066 ], [ 78.48994, 9.09343 ], [ 78.48722, 9.08871 ], [ 78.49555, 9.09066 ] ] ], [ [ [ 93.61633, 8.4545 ], [ 93.61622, 8.45455 ], [ 93.61613, 8.45441 ], [ 93.61633, 8.4545 ] ] ], [ [ [ 93.61793, 8.45503 ], [ 93.61785, 8.45534 ], [ 93.61773, 8.45506 ], [ 93.61793, 8.45503 ] ] ], [ [ [ 93.6173, 8.45547 ], [ 93.61708, 8.45553 ], [ 93.61708, 8.45543 ], [ 93.6173, 8.45547 ] ] ], [ [ [ 93.61759, 8.45626 ], [ 93.61751, 8.45631 ], [ 93.61738, 8.45616 ], [ 93.61759, 8.45626 ] ] ], [ [ [ 93.61659, 8.4565 ], [ 93.61611, 8.45602 ], [ 93.61642, 8.45578 ], [ 93.61659, 8.4565 ] ] ], [ [ [ 93.60629, 8.45785 ], [ 93.60579, 8.4575 ], [ 93.60714, 8.45672 ], [ 93.60629, 8.45785 ] ] ], [ [ [ 78.53909, 9.10377 ], [ 78.53913, 9.10605 ], [ 78.53508, 9.10277 ], [ 78.53909, 9.10377 ] ] ], [ [ [ 93.61139, 8.45937 ], [ 93.61135, 8.4596 ], [ 93.6104, 8.45936 ], [ 93.61139, 8.45937 ] ] ], [ [ [ 93.62044, 8.45893 ], [ 93.61994, 8.45885 ], [ 93.62041, 8.45866 ], [ 93.62044, 8.45893 ] ] ], [ [ [ 78.57934, 9.11282 ], [ 78.57095, 9.10113 ], [ 78.58797, 9.107 ], [ 78.57934, 9.11282 ] ] ], [ [ [ 79.49659, 9.12317 ], [ 79.49651, 9.12483 ], [ 79.49188, 9.12403 ], [ 79.49659, 9.12317 ] ] ], [ [ [ 93.62593, 8.47069 ], [ 93.625, 8.47113 ], [ 93.62541, 8.47033 ], [ 93.62593, 8.47069 ] ] ], [ [ [ 79.4883, 9.12823 ], [ 79.48712, 9.12733 ], [ 79.48831, 9.12652 ], [ 79.4883, 9.12823 ] ] ], [ [ [ 79.48063, 9.13056 ], [ 79.47973, 9.1297 ], [ 79.48163, 9.12869 ], [ 79.48063, 9.13056 ] ] ], [ [ [ 79.48287, 9.1343 ], [ 79.48151, 9.13289 ], [ 79.48228, 9.13184 ], [ 79.48287, 9.1343 ] ] ], [ [ [ 79.47288, 9.13919 ], [ 79.46981, 9.1394 ], [ 79.47347, 9.13661 ], [ 79.47288, 9.13919 ] ] ], [ [ [ 93.61247, 8.48627 ], [ 93.6115, 8.48528 ], [ 93.61168, 8.48502 ], [ 93.61247, 8.48627 ] ] ], [ [ [ 93.60309, 8.48748 ], [ 93.60269, 8.4862 ], [ 93.60391, 8.48671 ], [ 93.60309, 8.48748 ] ] ], [ [ [ 93.62897, 8.48771 ], [ 93.62873, 8.48764 ], [ 93.62905, 8.48701 ], [ 93.62897, 8.48771 ] ] ], [ [ [ 79.46741, 9.14338 ], [ 79.46512, 9.14332 ], [ 79.46751, 9.14051 ], [ 79.46741, 9.14338 ] ] ], [ [ [ 93.62866, 8.48809 ], [ 93.62835, 8.48814 ], [ 93.62835, 8.488 ], [ 93.62866, 8.48809 ] ] ], [ [ [ 79.45471, 9.14532 ], [ 79.45413, 9.14563 ], [ 79.45378, 9.1439 ], [ 79.45471, 9.14532 ] ] ], [ [ [ 79.45575, 9.14763 ], [ 79.45506, 9.14707 ], [ 79.45618, 9.14656 ], [ 79.45575, 9.14763 ] ] ], [ [ [ 79.45235, 9.14978 ], [ 79.45009, 9.14795 ], [ 79.45266, 9.14642 ], [ 79.45235, 9.14978 ] ] ], [ [ [ 93.60611, 8.49852 ], [ 93.60607, 8.49875 ], [ 93.60558, 8.49849 ], [ 93.60611, 8.49852 ] ] ], [ [ [ 79.44579, 9.15206 ], [ 79.44552, 9.15377 ], [ 79.44453, 9.15234 ], [ 79.44579, 9.15206 ] ] ], [ [ [ 93.61393, 8.50167 ], [ 93.6145, 8.50161 ], [ 93.61449, 8.50199 ], [ 93.61393, 8.50167 ] ] ], [ [ [ 93.6147, 8.50254 ], [ 93.61474, 8.50268 ], [ 93.61426, 8.50272 ], [ 93.6147, 8.50254 ] ] ], [ [ [ 79.44358, 9.15664 ], [ 79.44729, 9.15265 ], [ 79.44767, 9.15393 ], [ 79.44358, 9.15664 ] ] ], [ [ [ 93.62447, 8.50303 ], [ 93.62445, 8.50316 ], [ 93.6243, 8.50304 ], [ 93.62447, 8.50303 ] ] ], [ [ [ 93.62413, 8.50337 ], [ 93.62399, 8.50331 ], [ 93.62413, 8.50313 ], [ 93.62413, 8.50337 ] ] ], [ [ [ 78.75372, 9.15414 ], [ 78.75289, 9.15327 ], [ 78.75421, 9.15323 ], [ 78.75372, 9.15414 ] ] ], [ [ [ 93.61457, 8.50452 ], [ 93.61447, 8.50461 ], [ 93.61443, 8.50447 ], [ 93.61457, 8.50452 ] ] ], [ [ [ 93.61497, 8.50485 ], [ 93.61469, 8.50496 ], [ 93.6147, 8.50475 ], [ 93.61497, 8.50485 ] ] ], [ [ [ 93.61446, 8.50497 ], [ 93.61426, 8.50511 ], [ 93.61421, 8.50497 ], [ 93.61446, 8.50497 ] ] ], [ [ [ 93.61463, 8.50557 ], [ 93.6145, 8.50565 ], [ 93.61434, 8.50543 ], [ 93.61463, 8.50557 ] ] ], [ [ [ 93.61416, 8.50566 ], [ 93.61394, 8.50579 ], [ 93.61391, 8.50556 ], [ 93.61416, 8.50566 ] ] ], [ [ [ 93.6229, 8.50509 ], [ 93.62282, 8.50504 ], [ 93.62305, 8.50479 ], [ 93.6229, 8.50509 ] ] ], [ [ [ 78.7311, 9.15588 ], [ 78.72803, 9.1528 ], [ 78.73097, 9.15212 ], [ 78.7311, 9.15588 ] ] ], [ [ [ 78.697, 9.15259 ], [ 78.69652, 9.15581 ], [ 78.69384, 9.15286 ], [ 78.697, 9.15259 ] ] ], [ [ [ 78.75255, 9.1562 ], [ 78.75186, 9.15703 ], [ 78.75088, 9.15636 ], [ 78.75255, 9.1562 ] ] ], [ [ [ 93.62194, 8.50791 ], [ 93.62183, 8.50782 ], [ 93.622, 8.50771 ], [ 93.62194, 8.50791 ] ] ], [ [ [ 78.69888, 9.1583 ], [ 78.69884, 9.15869 ], [ 78.69807, 9.15852 ], [ 78.69888, 9.1583 ] ] ], [ [ [ 78.81956, 9.16523 ], [ 78.81692, 9.16037 ], [ 78.81865, 9.1607 ], [ 78.81956, 9.16523 ] ] ], [ [ [ 93.60838, 8.52257 ], [ 93.60794, 8.52286 ], [ 93.60789, 8.52263 ], [ 93.60838, 8.52257 ] ] ], [ [ [ 93.60999, 8.5233 ], [ 93.60988, 8.52337 ], [ 93.60979, 8.52307 ], [ 93.60999, 8.5233 ] ] ], [ [ [ 78.82904, 9.17051 ], [ 78.82852, 9.17369 ], [ 78.82396, 9.16645 ], [ 78.82904, 9.17051 ] ] ], [ [ [ 93.61095, 8.52643 ], [ 93.61059, 8.52685 ], [ 93.61073, 8.52638 ], [ 93.61095, 8.52643 ] ] ], [ [ [ 93.60872, 8.52799 ], [ 93.60922, 8.52794 ], [ 93.60915, 8.52802 ], [ 93.60872, 8.52799 ] ] ], [ [ [ 93.6197, 8.52757 ], [ 93.61969, 8.52768 ], [ 93.61941, 8.52749 ], [ 93.6197, 8.52757 ] ] ], [ [ [ 93.61522, 8.52956 ], [ 93.61512, 8.52936 ], [ 93.61541, 8.52926 ], [ 93.61522, 8.52956 ] ] ], [ [ [ 93.61389, 8.53065 ], [ 93.61373, 8.53077 ], [ 93.61356, 8.53057 ], [ 93.61389, 8.53065 ] ] ], [ [ [ 78.97005, 9.18292 ], [ 78.96938, 9.18393 ], [ 78.96904, 9.18283 ], [ 78.97005, 9.18292 ] ] ], [ [ [ 93.61314, 8.53279 ], [ 93.6131, 8.53293 ], [ 93.61285, 8.53278 ], [ 93.61314, 8.53279 ] ] ], [ [ [ 78.91041, 9.18646 ], [ 78.91012, 9.18657 ], [ 78.91013, 9.18599 ], [ 78.91041, 9.18646 ] ] ], [ [ [ 78.96685, 9.18736 ], [ 78.96741, 9.18292 ], [ 78.97112, 9.18497 ], [ 78.96685, 9.18736 ] ] ], [ [ [ 78.94335, 9.18773 ], [ 78.89726, 9.17967 ], [ 78.92354, 9.18332 ], [ 78.93078, 9.18152 ], [ 78.94335, 9.18773 ] ] ], [ [ [ 78.70308, 9.18548 ], [ 78.70191, 9.18599 ], [ 78.7019, 9.18582 ], [ 78.70308, 9.18548 ] ] ], [ [ [ 93.61224, 8.53696 ], [ 93.61205, 8.53728 ], [ 93.61196, 8.53717 ], [ 93.61224, 8.53696 ] ] ], [ [ [ 93.60295, 8.53903 ], [ 93.60238, 8.53934 ], [ 93.60226, 8.53911 ], [ 93.60295, 8.53903 ] ] ], [ [ [ 93.61251, 8.53873 ], [ 93.61231, 8.53871 ], [ 93.61248, 8.53832 ], [ 93.61251, 8.53873 ] ] ], [ [ [ 93.60061, 8.54989 ], [ 93.60044, 8.54995 ], [ 93.60033, 8.54971 ], [ 93.60061, 8.54989 ] ] ], [ [ [ 93.61049, 8.5497 ], [ 93.61005, 8.55003 ], [ 93.6099, 8.54965 ], [ 93.61049, 8.5497 ] ] ], [ [ [ 93.60956, 8.55082 ], [ 93.60934, 8.55115 ], [ 93.60919, 8.55064 ], [ 93.60956, 8.55082 ] ] ], [ [ [ 93.59989, 8.55804 ], [ 93.59979, 8.55805 ], [ 93.59978, 8.55796 ], [ 93.59989, 8.55804 ] ] ], [ [ [ 93.59984, 8.55845 ], [ 93.59967, 8.55839 ], [ 93.59972, 8.55827 ], [ 93.59984, 8.55845 ] ] ], [ [ [ 93.60001, 8.55865 ], [ 93.59991, 8.55864 ], [ 93.59993, 8.55856 ], [ 93.60001, 8.55865 ] ] ], [ [ [ 93.59959, 8.55865 ], [ 93.59951, 8.55873 ], [ 93.59942, 8.55857 ], [ 93.59959, 8.55865 ] ] ], [ [ [ 93.6112, 8.55821 ], [ 93.61118, 8.55838 ], [ 93.61092, 8.55815 ], [ 93.6112, 8.55821 ] ] ], [ [ [ 93.61044, 8.55861 ], [ 93.61026, 8.55871 ], [ 93.61019, 8.55851 ], [ 93.61044, 8.55861 ] ] ], [ [ [ 93.61107, 8.55865 ], [ 93.6109, 8.55876 ], [ 93.61083, 8.55855 ], [ 93.61107, 8.55865 ] ] ], [ [ [ 79.0689, 9.21054 ], [ 79.05677, 9.19802 ], [ 79.09103, 9.19593 ], [ 79.0689, 9.21054 ] ] ], [ [ [ 93.60087, 8.56157 ], [ 93.60085, 8.56172 ], [ 93.60063, 8.56153 ], [ 93.60087, 8.56157 ] ] ], [ [ [ 93.60059, 8.56186 ], [ 93.60046, 8.56194 ], [ 93.60045, 8.56181 ], [ 93.60059, 8.56186 ] ] ], [ [ [ 93.61065, 8.56098 ], [ 93.61057, 8.56079 ], [ 93.61076, 8.56066 ], [ 93.61065, 8.56098 ] ] ], [ [ [ 79.14153, 9.21425 ], [ 79.13887, 9.21335 ], [ 79.13953, 9.21264 ], [ 79.14153, 9.21425 ] ] ], [ [ [ 93.60142, 8.56334 ], [ 93.60143, 8.56345 ], [ 93.601, 8.56329 ], [ 93.60142, 8.56334 ] ] ], [ [ [ 79.12382, 9.21468 ], [ 79.1227, 9.21467 ], [ 79.12286, 9.21453 ], [ 79.12382, 9.21468 ] ] ], [ [ [ 93.60039, 8.56397 ], [ 93.60041, 8.5633 ], [ 93.60099, 8.56352 ], [ 93.60039, 8.56397 ] ] ], [ [ [ 93.60308, 8.5637 ], [ 93.60277, 8.56409 ], [ 93.603, 8.56334 ], [ 93.60308, 8.5637 ] ] ], [ [ [ 93.60298, 8.56486 ], [ 93.60279, 8.56482 ], [ 93.60284, 8.5647 ], [ 93.60298, 8.56486 ] ] ], [ [ [ 93.61042, 8.56423 ], [ 93.61017, 8.56424 ], [ 93.61036, 8.56372 ], [ 93.61042, 8.56423 ] ] ], [ [ [ 93.60323, 8.56584 ], [ 93.60308, 8.56585 ], [ 93.60305, 8.56569 ], [ 93.60323, 8.56584 ] ] ], [ [ [ 79.13411, 9.21598 ], [ 79.13299, 9.21616 ], [ 79.12912, 9.21459 ], [ 79.13411, 9.21598 ] ] ], [ [ [ 79.12363, 9.21732 ], [ 79.1234, 9.21802 ], [ 79.12214, 9.21716 ], [ 79.12363, 9.21732 ] ] ], [ [ [ 93.61111, 8.56628 ], [ 93.61097, 8.56614 ], [ 93.61108, 8.56601 ], [ 93.61111, 8.56628 ] ] ], [ [ [ 93.60346, 8.56702 ], [ 93.60317, 8.56689 ], [ 93.6033, 8.56677 ], [ 93.60346, 8.56702 ] ] ], [ [ [ 93.60299, 8.56731 ], [ 93.6028, 8.56732 ], [ 93.60287, 8.56712 ], [ 93.60299, 8.56731 ] ] ], [ [ [ 93.60734, 8.5701 ], [ 93.60722, 8.57024 ], [ 93.60714, 8.57005 ], [ 93.60734, 8.5701 ] ] ], [ [ [ 93.60767, 8.5704 ], [ 93.60745, 8.57051 ], [ 93.60739, 8.57038 ], [ 93.60767, 8.5704 ] ] ], [ [ [ 93.60775, 8.57084 ], [ 93.60766, 8.57094 ], [ 93.6075, 8.57088 ], [ 93.60775, 8.57084 ] ] ], [ [ [ 93.60718, 8.57344 ], [ 93.60701, 8.5735 ], [ 93.60698, 8.5733 ], [ 93.60718, 8.57344 ] ] ], [ [ [ 93.60246, 8.57418 ], [ 93.60226, 8.5739 ], [ 93.60233, 8.57386 ], [ 93.60246, 8.57418 ] ] ], [ [ [ 93.60657, 8.57387 ], [ 93.60645, 8.57394 ], [ 93.60637, 8.5738 ], [ 93.60657, 8.57387 ] ] ], [ [ [ 93.60203, 8.57435 ], [ 93.60175, 8.57434 ], [ 93.60184, 8.57415 ], [ 93.60203, 8.57435 ] ] ], [ [ [ 93.60306, 8.57473 ], [ 93.60293, 8.57477 ], [ 93.60284, 8.57458 ], [ 93.60306, 8.57473 ] ] ], [ [ [ 93.60565, 8.57451 ], [ 93.60563, 8.57429 ], [ 93.60575, 8.57429 ], [ 93.60565, 8.57451 ] ] ], [ [ [ 93.60549, 8.5748 ], [ 93.6054, 8.57461 ], [ 93.60556, 8.57459 ], [ 93.60549, 8.5748 ] ] ], [ [ [ 93.60297, 8.5751 ], [ 93.60282, 8.57519 ], [ 93.6028, 8.57507 ], [ 93.60297, 8.5751 ] ] ], [ [ [ 93.60525, 8.57505 ], [ 93.60511, 8.57515 ], [ 93.60508, 8.57503 ], [ 93.60525, 8.57505 ] ] ], [ [ [ 93.6029, 8.57553 ], [ 93.60284, 8.57557 ], [ 93.60279, 8.57548 ], [ 93.6029, 8.57553 ] ] ], [ [ [ 93.60282, 8.57628 ], [ 93.60268, 8.57645 ], [ 93.60267, 8.57625 ], [ 93.60282, 8.57628 ] ] ], [ [ [ 93.60266, 8.57656 ], [ 93.60252, 8.57673 ], [ 93.6025, 8.57653 ], [ 93.60266, 8.57656 ] ] ], [ [ [ 93.60592, 8.57372 ], [ 93.60021, 8.54497 ], [ 93.61207, 8.52632 ], [ 93.61921, 8.48661 ], [ 93.60944, 8.48147 ], [ 93.61377, 8.46233 ], [ 93.60692, 8.4446 ], [ 93.61301, 8.42323 ], [ 93.61719, 8.46808 ], [ 93.62117, 8.47088 ], [ 93.62643, 8.47145 ], [ 93.63235, 8.46772 ], [ 93.62147, 8.50762 ], [ 93.62554, 8.52369 ], [ 93.6147, 8.52863 ], [ 93.61167, 8.53254 ], [ 93.60592, 8.57372 ] ] ], [ [ [ 93.60645, 8.58102 ], [ 93.60799, 8.57866 ], [ 93.60864, 8.5799 ], [ 93.60645, 8.58102 ] ] ], [ [ [ 93.59617, 8.58255 ], [ 93.59788, 8.57996 ], [ 93.59825, 8.58004 ], [ 93.59617, 8.58255 ] ] ], [ [ [ 79.23275, 9.24308 ], [ 79.23863, 9.24121 ], [ 79.23846, 9.24189 ], [ 79.23275, 9.24308 ] ] ], [ [ [ 79.18042, 9.24963 ], [ 79.17931, 9.2382 ], [ 79.22365, 9.24715 ], [ 79.18042, 9.24963 ] ] ], [ [ [ 92.8634, 8.83436 ], [ 92.86313, 8.83438 ], [ 92.86309, 8.83419 ], [ 92.8634, 8.83436 ] ] ], [ [ [ 92.84837, 8.83411 ], [ 92.84767, 8.81655 ], [ 92.86194, 8.82373 ], [ 92.84837, 8.83411 ] ] ], [ [ [ 92.77143, 9.25882 ], [ 92.76372, 9.21583 ], [ 92.71775, 9.21456 ], [ 92.72732, 9.1249 ], [ 92.79907, 9.12059 ], [ 92.8273, 9.13884 ], [ 92.81767, 9.21199 ], [ 92.77143, 9.25882 ] ] ], [ [ [ 73.6312, 10.06797 ], [ 73.63164, 10.06836 ], [ 73.6303, 10.0683 ], [ 73.6312, 10.06797 ] ] ], [ [ [ 73.63165, 10.06892 ], [ 73.63128, 10.06873 ], [ 73.63162, 10.06866 ], [ 73.63165, 10.06892 ] ] ], [ [ [ 73.63291, 10.06967 ], [ 73.63225, 10.0687 ], [ 73.63282, 10.06849 ], [ 73.63291, 10.06967 ] ] ], [ [ [ 73.63457, 10.072 ], [ 73.63351, 10.07185 ], [ 73.63378, 10.07109 ], [ 73.63457, 10.072 ] ] ], [ [ [ 73.63112, 10.0732 ], [ 73.63113, 10.07353 ], [ 73.63046, 10.07304 ], [ 73.63112, 10.0732 ] ] ], [ [ [ 73.62844, 10.07385 ], [ 73.62759, 10.07394 ], [ 73.62615, 10.07217 ], [ 73.62781, 10.07221 ], [ 73.62844, 10.07385 ] ] ], [ [ [ 73.64771, 10.081 ], [ 73.6511, 10.10165 ], [ 73.64109, 10.05691 ], [ 73.64771, 10.081 ] ] ], [ [ [ 73.65252, 10.10889 ], [ 73.65202, 10.10922 ], [ 73.65197, 10.10842 ], [ 73.65252, 10.10889 ] ] ], [ [ [ 72.28852, 10.04528 ], [ 72.29037, 10.05286 ], [ 72.28534, 10.04602 ], [ 72.28852, 10.04528 ] ] ], [ [ [ 73.66025, 10.1539 ], [ 73.65991, 10.12893 ], [ 73.66128, 10.12958 ], [ 73.6641, 10.14084 ], [ 73.66025, 10.1539 ] ] ], [ [ [ 72.33824, 10.10206 ], [ 72.3374, 10.10487 ], [ 72.33485, 10.10417 ], [ 72.33824, 10.10206 ] ] ], [ [ [ 72.33158, 10.13268 ], [ 72.32792, 10.13841 ], [ 72.32718, 10.12954 ], [ 72.33158, 10.13268 ] ] ], [ [ [ 72.64045, 10.57897 ], [ 72.61704, 10.54189 ], [ 72.64953, 10.56326 ], [ 72.64045, 10.57897 ] ] ], [ [ [ 73.66796, 10.81727 ], [ 73.67163, 10.8037 ], [ 73.70164, 10.81403 ], [ 73.69933, 10.8161 ], [ 73.66796, 10.81727 ] ] ], [ [ [ 72.53711, 10.78317 ], [ 72.53587, 10.78537 ], [ 72.53117, 10.78095 ], [ 72.53711, 10.78317 ] ] ], [ [ [ 72.16646, 10.81443 ], [ 72.16466, 10.81267 ], [ 72.16868, 10.81256 ], [ 72.16646, 10.81443 ] ] ], [ [ [ 72.16992, 10.81791 ], [ 72.17953, 10.82855 ], [ 72.20263, 10.86908 ], [ 72.16992, 10.81791 ] ] ], [ [ [ 72.28452, 10.93728 ], [ 72.28936, 10.93542 ], [ 72.29331, 10.94581 ], [ 72.28452, 10.93728 ] ] ], [ [ [ 72.31687, 10.94938 ], [ 72.31522, 10.94333 ], [ 72.32036, 10.94575 ], [ 72.31687, 10.94938 ] ] ], [ [ [ 72.33292, 10.95258 ], [ 72.33016, 10.95122 ], [ 72.33128, 10.9503 ], [ 72.33292, 10.95258 ] ] ], [ [ [ 72.33281, 10.95466 ], [ 72.3337, 10.95279 ], [ 72.33424, 10.95315 ], [ 72.33281, 10.95466 ] ] ], [ [ [ 72.33522, 10.95756 ], [ 72.33396, 10.95899 ], [ 72.33418, 10.95613 ], [ 72.33522, 10.95756 ] ] ], [ [ [ 72.73108, 11.12541 ], [ 72.73353, 11.13611 ], [ 72.71841, 11.12702 ], [ 72.73108, 11.12541 ] ] ], [ [ [ 72.76195, 11.18259 ], [ 72.77695, 11.21715 ], [ 72.79008, 11.26015 ], [ 72.77933, 11.24235 ], [ 72.76195, 11.18259 ] ] ], [ [ [ 92.51836, 10.90084 ], [ 92.50296, 10.89772 ], [ 92.51788, 10.87741 ], [ 92.50798, 10.86282 ], [ 92.50637, 10.86366 ], [ 92.50384, 10.86254 ], [ 92.50034, 10.86315 ], [ 92.49586, 10.87071 ], [ 92.49061, 10.85964 ], [ 92.47682, 10.86181 ], [ 92.48614, 10.86215 ], [ 92.49014, 10.85997 ], [ 92.49145, 10.87147 ], [ 92.50242, 10.8738 ], [ 92.51104, 10.87181 ], [ 92.49653, 10.89705 ], [ 92.45451, 10.86686 ], [ 92.45729, 10.84174 ], [ 92.39563, 10.78631 ], [ 92.39566, 10.77485 ], [ 92.4106, 10.77829 ], [ 92.39687, 10.76314 ], [ 92.41933, 10.77258 ], [ 92.39876, 10.74394 ], [ 92.39521, 10.74895 ], [ 92.3924, 10.77521 ], [ 92.39503, 10.78559 ], [ 92.37307, 10.78274 ], [ 92.38136, 10.67028 ], [ 92.41912, 10.61579 ], [ 92.38765, 10.53153 ], [ 92.43505, 10.54891 ], [ 92.51326, 10.51084 ], [ 92.56989, 10.57879 ], [ 92.53852, 10.61491 ], [ 92.54069, 10.62216 ], [ 92.5537, 10.64004 ], [ 92.58235, 10.65803 ], [ 92.58026, 10.68081 ], [ 92.5981, 10.67918 ], [ 92.58715, 10.78811 ], [ 92.57124, 10.81056 ], [ 92.57922, 10.78544 ], [ 92.5516, 10.80352 ], [ 92.54855, 10.80963 ], [ 92.56743, 10.81027 ], [ 92.56248, 10.86217 ], [ 92.53377, 10.88997 ], [ 92.54223, 10.85916 ], [ 92.52954, 10.86708 ], [ 92.51836, 10.90084 ] ] ], [ [ [ 92.62076, 10.92469 ], [ 92.6238, 10.9222 ], [ 92.62454, 10.92329 ], [ 92.62076, 10.92469 ] ] ], [ [ [ 92.60848, 10.93961 ], [ 92.60201, 10.93628 ], [ 92.61348, 10.92597 ], [ 92.60848, 10.93961 ] ] ], [ [ [ 92.60107, 10.94112 ], [ 92.60605, 10.94018 ], [ 92.60619, 10.94062 ], [ 92.60107, 10.94112 ] ] ], [ [ [ 92.60797, 10.94262 ], [ 92.60721, 10.9422 ], [ 92.60781, 10.94176 ], [ 92.60797, 10.94262 ] ] ], [ [ [ 92.60591, 10.94318 ], [ 92.6058, 10.94284 ], [ 92.60607, 10.94232 ], [ 92.60591, 10.94318 ] ] ], [ [ [ 92.59932, 10.94202 ], [ 92.59628, 10.94504 ], [ 92.59598, 10.94421 ], [ 92.59932, 10.94202 ] ] ], [ [ [ 92.60325, 10.9455 ], [ 92.60562, 10.94514 ], [ 92.60561, 10.9456 ], [ 92.60325, 10.9455 ] ] ], [ [ [ 92.60076, 10.95155 ], [ 92.59977, 10.95149 ], [ 92.60007, 10.95095 ], [ 92.60076, 10.95155 ] ] ], [ [ [ 92.20819, 10.97983 ], [ 92.21335, 10.9728 ], [ 92.22467, 10.9781 ], [ 92.20819, 10.97983 ] ] ], [ [ [ 92.66654, 10.99269 ], [ 92.65817, 10.9908 ], [ 92.65953, 10.98079 ], [ 92.66654, 10.99269 ] ] ], [ [ [ 73.00828, 11.46952 ], [ 73.00982, 11.48735 ], [ 72.99943, 11.49819 ], [ 72.99805, 11.49697 ], [ 73.00828, 11.46952 ] ] ], [ [ [ 92.72422, 11.14831 ], [ 92.72203, 11.14074 ], [ 92.73037, 11.14179 ], [ 92.72422, 11.14831 ] ] ], [ [ [ 92.67394, 11.19023 ], [ 92.67586, 11.17679 ], [ 92.68008, 11.18121 ], [ 92.67394, 11.19023 ] ] ], [ [ [ 92.67257, 11.19532 ], [ 92.67208, 11.19548 ], [ 92.67199, 11.19497 ], [ 92.67257, 11.19532 ] ] ], [ [ [ 72.18815, 11.60095 ], [ 72.18505, 11.60139 ], [ 72.18651, 11.59844 ], [ 72.18815, 11.60095 ] ] ], [ [ [ 92.69381, 11.28458 ], [ 92.68623, 11.2418 ], [ 92.70478, 11.26379 ], [ 92.69381, 11.28458 ] ] ], [ [ [ 72.71723, 11.69446 ], [ 72.71636, 11.70366 ], [ 72.70541, 11.68249 ], [ 72.71723, 11.69446 ] ] ], [ [ [ 92.7223, 11.33303 ], [ 92.69551, 11.30984 ], [ 92.70678, 11.29964 ], [ 92.72231, 11.31666 ], [ 92.7223, 11.33303 ] ] ], [ [ [ 92.55061, 11.39813 ], [ 92.54193, 11.39818 ], [ 92.54093, 11.39121 ], [ 92.55061, 11.39813 ] ] ], [ [ [ 92.55468, 11.39705 ], [ 92.55165, 11.3921 ], [ 92.55904, 11.39099 ], [ 92.55468, 11.39705 ] ] ], [ [ [ 92.23978, 11.51633 ], [ 92.23891, 11.51574 ], [ 92.24056, 11.51535 ], [ 92.23978, 11.51633 ] ] ], [ [ [ 92.2554, 11.51506 ], [ 92.25472, 11.51413 ], [ 92.25918, 11.51439 ], [ 92.2554, 11.51506 ] ] ], [ [ [ 92.23984, 11.51759 ], [ 92.23933, 11.51765 ], [ 92.23931, 11.51725 ], [ 92.23984, 11.51759 ] ] ], [ [ [ 92.26693, 11.51744 ], [ 92.26686, 11.51619 ], [ 92.27189, 11.51675 ], [ 92.26693, 11.51744 ] ] ], [ [ [ 92.20691, 11.53327 ], [ 92.20663, 11.53316 ], [ 92.20704, 11.53223 ], [ 92.20691, 11.53327 ] ] ], [ [ [ 92.20582, 11.53416 ], [ 92.20501, 11.53438 ], [ 92.2053, 11.53386 ], [ 92.20582, 11.53416 ] ] ], [ [ [ 92.20712, 11.5359 ], [ 92.20674, 11.53571 ], [ 92.2068, 11.53554 ], [ 92.20712, 11.5359 ] ] ], [ [ [ 92.56088, 11.51436 ], [ 92.56051, 11.51456 ], [ 92.56051, 11.51409 ], [ 92.56088, 11.51436 ] ] ], [ [ [ 92.61503, 11.51107 ], [ 92.60307, 11.50312 ], [ 92.60964, 11.50237 ], [ 92.61503, 11.51107 ] ] ], [ [ [ 92.64462, 11.51425 ], [ 92.64454, 11.51512 ], [ 92.64324, 11.51432 ], [ 92.64462, 11.51425 ] ] ], [ [ [ 92.63621, 11.51591 ], [ 92.61066, 11.47231 ], [ 92.62179, 11.40445 ], [ 92.58573, 11.39999 ], [ 92.59765, 11.34502 ], [ 92.69066, 11.37453 ], [ 92.6748, 11.39977 ], [ 92.63372, 11.40372 ], [ 92.63626, 11.41688 ], [ 92.67102, 11.41549 ], [ 92.68459, 11.43607 ], [ 92.67426, 11.4904 ], [ 92.63621, 11.51591 ] ] ], [ [ [ 92.58825, 11.53045 ], [ 92.58661, 11.53084 ], [ 92.58666, 11.53036 ], [ 92.58825, 11.53045 ] ] ], [ [ [ 92.61626, 11.52841 ], [ 92.61527, 11.52845 ], [ 92.61581, 11.52772 ], [ 92.61626, 11.52841 ] ] ], [ [ [ 92.59322, 11.53214 ], [ 92.58951, 11.53077 ], [ 92.59161, 11.52989 ], [ 92.59322, 11.53214 ] ] ], [ [ [ 92.61586, 11.53199 ], [ 92.61477, 11.53175 ], [ 92.61521, 11.53131 ], [ 92.61586, 11.53199 ] ] ], [ [ [ 92.63079, 11.53356 ], [ 92.63054, 11.53356 ], [ 92.63047, 11.53294 ], [ 92.63079, 11.53356 ] ] ], [ [ [ 92.55517, 11.5404 ], [ 92.55457, 11.53953 ], [ 92.55492, 11.53928 ], [ 92.55517, 11.5404 ] ] ], [ [ [ 92.55122, 11.52885 ], [ 92.56544, 11.51663 ], [ 92.56849, 11.52971 ], [ 92.55122, 11.52885 ] ] ], [ [ [ 92.59659, 11.52887 ], [ 92.60591, 11.51878 ], [ 92.60541, 11.53272 ], [ 92.59659, 11.52887 ] ] ], [ [ [ 92.58523, 11.54071 ], [ 92.58328, 11.54193 ], [ 92.58194, 11.53536 ], [ 92.58523, 11.54071 ] ] ], [ [ [ 92.19701, 11.57813 ], [ 92.19653, 11.57828 ], [ 92.19663, 11.5773 ], [ 92.19701, 11.57813 ] ] ], [ [ [ 92.26795, 11.57174 ], [ 92.26835, 11.57118 ], [ 92.26914, 11.57226 ], [ 92.26795, 11.57174 ] ] ], [ [ [ 92.19865, 11.57991 ], [ 92.19783, 11.57991 ], [ 92.19804, 11.57902 ], [ 92.19865, 11.57991 ] ] ], [ [ [ 92.19718, 11.58198 ], [ 92.19656, 11.58326 ], [ 92.19589, 11.58209 ], [ 92.19718, 11.58198 ] ] ], [ [ [ 92.54153, 11.5558 ], [ 92.54024, 11.55469 ], [ 92.5408, 11.55369 ], [ 92.54153, 11.5558 ] ] ], [ [ [ 92.62854, 11.54783 ], [ 92.62729, 11.54897 ], [ 92.62577, 11.54368 ], [ 92.62854, 11.54783 ] ] ], [ [ [ 92.54141, 11.55779 ], [ 92.53897, 11.55445 ], [ 92.54128, 11.55646 ], [ 92.54415, 11.5568 ], [ 92.54141, 11.55779 ] ] ], [ [ [ 92.19748, 11.5879 ], [ 92.19658, 11.58427 ], [ 92.19723, 11.58424 ], [ 92.19748, 11.5879 ] ] ], [ [ [ 92.56238, 11.55757 ], [ 92.56221, 11.55772 ], [ 92.56208, 11.55767 ], [ 92.56238, 11.55757 ] ] ], [ [ [ 92.19906, 11.58877 ], [ 92.20198, 11.58857 ], [ 92.20218, 11.58976 ], [ 92.19906, 11.58877 ] ] ], [ [ [ 92.5631, 11.55979 ], [ 92.5633, 11.56013 ], [ 92.56273, 11.55984 ], [ 92.5631, 11.55979 ] ] ], [ [ [ 92.56711, 11.55997 ], [ 92.56669, 11.55977 ], [ 92.56666, 11.55923 ], [ 92.56711, 11.55997 ] ] ], [ [ [ 92.57057, 11.55982 ], [ 92.57057, 11.56013 ], [ 92.56998, 11.55984 ], [ 92.57057, 11.55982 ] ] ], [ [ [ 92.57394, 11.56053 ], [ 92.57337, 11.55938 ], [ 92.57354, 11.55923 ], [ 92.57394, 11.56053 ] ] ], [ [ [ 92.63112, 11.55758 ], [ 92.6311, 11.55607 ], [ 92.63166, 11.55675 ], [ 92.63112, 11.55758 ] ] ], [ [ [ 92.26428, 11.58916 ], [ 92.2661, 11.58883 ], [ 92.2655, 11.58912 ], [ 92.26428, 11.58916 ] ] ], [ [ [ 92.5989, 11.56062 ], [ 92.59862, 11.56089 ], [ 92.59842, 11.5603 ], [ 92.5989, 11.56062 ] ] ], [ [ [ 92.22176, 11.59444 ], [ 92.22013, 11.59358 ], [ 92.22237, 11.59262 ], [ 92.22176, 11.59444 ] ] ], [ [ [ 92.6013, 11.55468 ], [ 92.60964, 11.53141 ], [ 92.61825, 11.54481 ], [ 92.6013, 11.55468 ] ] ], [ [ [ 92.20283, 11.58744 ], [ 92.21035, 11.53081 ], [ 92.26012, 11.51725 ], [ 92.26931, 11.58521 ], [ 92.22712, 11.58835 ], [ 92.22063, 11.59172 ], [ 92.21898, 11.59369 ], [ 92.20283, 11.58744 ] ] ], [ [ [ 92.2296, 11.59479 ], [ 92.22945, 11.5957 ], [ 92.22803, 11.59468 ], [ 92.2296, 11.59479 ] ] ], [ [ [ 92.60799, 11.56059 ], [ 92.60643, 11.56327 ], [ 92.60485, 11.56056 ], [ 92.60799, 11.56059 ] ] ], [ [ [ 92.53019, 11.57002 ], [ 92.52972, 11.57107 ], [ 92.52892, 11.57077 ], [ 92.53019, 11.57002 ] ] ], [ [ [ 92.56692, 11.5701 ], [ 92.56606, 11.57086 ], [ 92.56362, 11.56853 ], [ 92.56692, 11.5701 ] ] ], [ [ [ 92.57662, 11.56897 ], [ 92.57636, 11.57106 ], [ 92.57182, 11.56443 ], [ 92.57662, 11.56897 ] ] ], [ [ [ 92.56936, 11.57357 ], [ 92.56876, 11.57304 ], [ 92.56881, 11.5726 ], [ 92.56936, 11.57357 ] ] ], [ [ [ 92.52608, 11.58012 ], [ 92.52836, 11.57646 ], [ 92.52981, 11.57742 ], [ 92.52608, 11.58012 ] ] ], [ [ [ 92.56941, 11.57823 ], [ 92.57, 11.57792 ], [ 92.57015, 11.57836 ], [ 92.56941, 11.57823 ] ] ], [ [ [ 92.56899, 11.57958 ], [ 92.56819, 11.57965 ], [ 92.56822, 11.57943 ], [ 92.56899, 11.57958 ] ] ], [ [ [ 92.59304, 11.57456 ], [ 92.58281, 11.54904 ], [ 92.58779, 11.5326 ], [ 92.59665, 11.54602 ], [ 92.59304, 11.57456 ] ] ], [ [ [ 92.57872, 11.58429 ], [ 92.57742, 11.58764 ], [ 92.57618, 11.58594 ], [ 92.57872, 11.58429 ] ] ], [ [ [ 92.59975, 11.58723 ], [ 92.59908, 11.58757 ], [ 92.59934, 11.58658 ], [ 92.59975, 11.58723 ] ] ], [ [ [ 92.59922, 11.56906 ], [ 92.61395, 11.56304 ], [ 92.61822, 11.57653 ], [ 92.59922, 11.56906 ] ] ], [ [ [ 92.59264, 11.58944 ], [ 92.59453, 11.58914 ], [ 92.59387, 11.59012 ], [ 92.59264, 11.58944 ] ] ], [ [ [ 92.55259, 11.59475 ], [ 92.55126, 11.59532 ], [ 92.55147, 11.5941 ], [ 92.55259, 11.59475 ] ] ], [ [ [ 92.54017, 11.60503 ], [ 92.52683, 11.5537 ], [ 92.57158, 11.58779 ], [ 92.54394, 11.59141 ], [ 92.54017, 11.60503 ] ] ], [ [ [ 92.69076, 11.60938 ], [ 92.69044, 11.61181 ], [ 92.68891, 11.61042 ], [ 92.69076, 11.60938 ] ] ], [ [ [ 92.68715, 11.6304 ], [ 92.68723, 11.63158 ], [ 92.68619, 11.63091 ], [ 92.68715, 11.6304 ] ] ], [ [ [ 92.6887, 11.63541 ], [ 92.68614, 11.64049 ], [ 92.68553, 11.63469 ], [ 92.6887, 11.63541 ] ] ], [ [ [ 92.75584, 11.63673 ], [ 92.75579, 11.63685 ], [ 92.75559, 11.63677 ], [ 92.75584, 11.63673 ] ] ], [ [ [ 92.75508, 11.63707 ], [ 92.75448, 11.63719 ], [ 92.75434, 11.63661 ], [ 92.75508, 11.63707 ] ] ], [ [ [ 92.75461, 11.63765 ], [ 92.75427, 11.63849 ], [ 92.75306, 11.63782 ], [ 92.75461, 11.63765 ] ] ], [ [ [ 92.68045, 11.64836 ], [ 92.68041, 11.6485 ], [ 92.68004, 11.64833 ], [ 92.68045, 11.64836 ] ] ], [ [ [ 92.69488, 11.66327 ], [ 92.69221, 11.66069 ], [ 92.69987, 11.65924 ], [ 92.69488, 11.66327 ] ] ], [ [ [ 92.73288, 11.68182 ], [ 92.73288, 11.68196 ], [ 92.7327, 11.68185 ], [ 92.73288, 11.68182 ] ] ], [ [ [ 92.73319, 11.68263 ], [ 92.73308, 11.68257 ], [ 92.73323, 11.68248 ], [ 92.73319, 11.68263 ] ] ], [ [ [ 92.76515, 11.67916 ], [ 92.76491, 11.68211 ], [ 92.75812, 11.67819 ], [ 92.76515, 11.67916 ] ] ], [ [ [ 92.72298, 11.68614 ], [ 92.72505, 11.6871 ], [ 92.72502, 11.68801 ], [ 92.72298, 11.68614 ] ] ], [ [ [ 92.58579, 11.70067 ], [ 92.58594, 11.69983 ], [ 92.58676, 11.70006 ], [ 92.58579, 11.70067 ] ] ], [ [ [ 92.58637, 11.70418 ], [ 92.58638, 11.70492 ], [ 92.58597, 11.70467 ], [ 92.58637, 11.70418 ] ] ], [ [ [ 92.58536, 11.70471 ], [ 92.58509, 11.70504 ], [ 92.58481, 11.70435 ], [ 92.58536, 11.70471 ] ] ], [ [ [ 92.58268, 11.70839 ], [ 92.58281, 11.7077 ], [ 92.58299, 11.70776 ], [ 92.58268, 11.70839 ] ] ], [ [ [ 92.58395, 11.70838 ], [ 92.58412, 11.70804 ], [ 92.58429, 11.70811 ], [ 92.58395, 11.70838 ] ] ], [ [ [ 93.08156, 11.78971 ], [ 93.07599, 11.78109 ], [ 93.0805, 11.77796 ], [ 93.08156, 11.78971 ] ] ], [ [ [ 93.07225, 11.83434 ], [ 93.07166, 11.83387 ], [ 93.07186, 11.83358 ], [ 93.07225, 11.83434 ] ] ], [ [ [ 93.07121, 11.83915 ], [ 93.07088, 11.83903 ], [ 93.07165, 11.83751 ], [ 93.07121, 11.83915 ] ] ], [ [ [ 93.01223, 11.85164 ], [ 93.04231, 11.80987 ], [ 93.07153, 11.83411 ], [ 93.03122, 11.83739 ], [ 93.01223, 11.85164 ] ] ], [ [ [ 92.60483, 11.93468 ], [ 92.60333, 11.93605 ], [ 92.60161, 11.93536 ], [ 92.60483, 11.93468 ] ] ], [ [ [ 92.72437, 11.95302 ], [ 92.72466, 11.95397 ], [ 92.72284, 11.95445 ], [ 92.72437, 11.95302 ] ] ], [ [ [ 92.60433, 11.963 ], [ 92.60665, 11.95953 ], [ 92.60862, 11.96121 ], [ 92.60433, 11.963 ] ] ], [ [ [ 92.73216, 11.95993 ], [ 92.72539, 11.95591 ], [ 92.72452, 11.94168 ], [ 92.73216, 11.95993 ] ] ], [ [ [ 92.73826, 11.96446 ], [ 92.73767, 11.96446 ], [ 92.73767, 11.96414 ], [ 92.73826, 11.96446 ] ] ], [ [ [ 92.59646, 11.97683 ], [ 92.59789, 11.92497 ], [ 92.60154, 11.93618 ], [ 92.60806, 11.94323 ], [ 92.59646, 11.97683 ] ] ], [ [ [ 92.74414, 11.96677 ], [ 92.74327, 11.96768 ], [ 92.74041, 11.96523 ], [ 92.74414, 11.96677 ] ] ], [ [ [ 92.58133, 11.98274 ], [ 92.57981, 11.97726 ], [ 92.58428, 11.97656 ], [ 92.58133, 11.98274 ] ] ], [ [ [ 92.99549, 11.94586 ], [ 92.99555, 11.94683 ], [ 92.99462, 11.9463 ], [ 92.99549, 11.94586 ] ] ], [ [ [ 92.60042, 11.98225 ], [ 92.60014, 11.98252 ], [ 92.5999, 11.98198 ], [ 92.60042, 11.98225 ] ] ], [ [ [ 92.76606, 11.96774 ], [ 92.74841, 11.96896 ], [ 92.73492, 11.95182 ], [ 92.7582, 11.9447 ], [ 92.76606, 11.96774 ] ] ], [ [ [ 92.73365, 11.97723 ], [ 92.76063, 11.98295 ], [ 92.74165, 11.9883 ], [ 92.73365, 11.97723 ] ] ], [ [ [ 92.76993, 12.01265 ], [ 92.77412, 12.012 ], [ 92.77643, 12.01618 ], [ 92.76993, 12.01265 ] ] ], [ [ [ 92.97215, 12.03608 ], [ 92.97191, 12.03663 ], [ 92.97116, 12.03596 ], [ 92.97215, 12.03608 ] ] ], [ [ [ 92.98961, 12.038 ], [ 92.98877, 12.03729 ], [ 92.98965, 12.03689 ], [ 92.98961, 12.038 ] ] ], [ [ [ 92.97757, 12.04201 ], [ 92.97743, 12.04198 ], [ 92.97748, 12.04195 ], [ 92.97757, 12.04201 ] ] ], [ [ [ 92.97727, 12.04243 ], [ 92.97715, 12.04236 ], [ 92.97727, 12.04223 ], [ 92.97727, 12.04243 ] ] ], [ [ [ 92.97685, 12.04246 ], [ 92.9768, 12.04245 ], [ 92.9768, 12.04237 ], [ 92.97685, 12.04246 ] ] ], [ [ [ 92.97433, 12.04292 ], [ 92.97425, 12.04286 ], [ 92.97432, 12.0428 ], [ 92.97433, 12.04292 ] ] ], [ [ [ 92.97624, 12.04275 ], [ 92.97614, 12.04271 ], [ 92.97625, 12.04261 ], [ 92.97624, 12.04275 ] ] ], [ [ [ 92.97525, 12.04292 ], [ 92.97514, 12.04295 ], [ 92.97526, 12.04286 ], [ 92.97525, 12.04292 ] ] ], [ [ [ 92.97588, 12.04288 ], [ 92.9757, 12.04289 ], [ 92.9757, 12.04283 ], [ 92.97588, 12.04288 ] ] ], [ [ [ 92.97489, 12.04311 ], [ 92.97484, 12.04305 ], [ 92.97493, 12.04301 ], [ 92.97489, 12.04311 ] ] ], [ [ [ 92.97868, 12.04318 ], [ 92.97872, 12.04331 ], [ 92.97851, 12.04319 ], [ 92.97868, 12.04318 ] ] ], [ [ [ 92.97781, 12.04342 ], [ 92.97708, 12.04291 ], [ 92.97772, 12.04248 ], [ 92.97781, 12.04342 ] ] ], [ [ [ 92.97886, 12.04377 ], [ 92.9788, 12.04373 ], [ 92.97886, 12.0436 ], [ 92.97886, 12.04377 ] ] ], [ [ [ 92.97817, 12.04373 ], [ 92.97815, 12.04316 ], [ 92.97835, 12.04308 ], [ 92.97817, 12.04373 ] ] ], [ [ [ 92.9783, 12.04406 ], [ 92.97825, 12.04406 ], [ 92.97825, 12.04396 ], [ 92.9783, 12.04406 ] ] ], [ [ [ 92.74665, 12.05487 ], [ 92.74375, 12.05701 ], [ 92.74118, 12.06298 ], [ 92.73628, 12.06601 ], [ 92.73907, 12.05649 ], [ 92.73693, 12.05393 ], [ 92.72693, 12.05831 ], [ 92.73021, 12.04428 ], [ 92.73074, 12.0391 ], [ 92.7293, 12.0369 ], [ 92.74062, 12.0415 ], [ 92.76057, 12.01932 ], [ 92.77769, 12.02413 ], [ 92.78219, 12.04854 ], [ 92.74665, 12.05487 ] ] ], [ [ [ 92.97875, 12.04428 ], [ 92.97869, 12.04429 ], [ 92.97862, 12.04403 ], [ 92.97875, 12.04428 ] ] ], [ [ [ 92.96401, 12.05009 ], [ 92.92295, 11.99844 ], [ 92.97509, 11.94555 ], [ 93.00694, 11.95822 ], [ 93.00852, 11.95588 ], [ 93.0084, 11.95511 ], [ 93.0016, 11.94751 ], [ 93.01538, 11.93827 ], [ 92.99233, 11.93452 ], [ 93.0441, 11.88372 ], [ 93.01478, 12.0273 ], [ 92.97296, 12.04316 ], [ 92.97482, 12.01625 ], [ 92.96401, 12.05009 ] ] ], [ [ [ 92.74468, 12.05647 ], [ 92.7538, 12.05786 ], [ 92.75518, 12.06676 ], [ 92.74468, 12.05647 ] ] ], [ [ [ 92.79838, 12.07569 ], [ 92.79908, 12.07505 ], [ 92.79938, 12.07597 ], [ 92.79838, 12.07569 ] ] ], [ [ [ 92.78733, 12.07697 ], [ 92.78735, 12.07785 ], [ 92.78414, 12.07263 ], [ 92.78733, 12.07697 ] ] ], [ [ [ 92.79197, 12.0789 ], [ 92.7919, 12.07888 ], [ 92.79191, 12.0787 ], [ 92.79197, 12.0789 ] ] ], [ [ [ 92.7912, 12.07918 ], [ 92.79114, 12.07919 ], [ 92.79105, 12.07908 ], [ 92.7912, 12.07918 ] ] ], [ [ [ 92.79171, 12.07908 ], [ 92.79159, 12.07913 ], [ 92.79168, 12.07873 ], [ 92.79171, 12.07908 ] ] ], [ [ [ 92.96716, 12.065 ], [ 92.96814, 12.06253 ], [ 92.97072, 12.06354 ], [ 92.96716, 12.065 ] ] ], [ [ [ 92.96297, 12.0662 ], [ 92.96152, 12.06627 ], [ 92.9646, 12.06464 ], [ 92.96297, 12.0662 ] ] ], [ [ [ 93.01217, 12.06744 ], [ 93.00947, 12.06801 ], [ 93.00954, 12.0661 ], [ 93.01217, 12.06744 ] ] ], [ [ [ 93.00824, 12.07014 ], [ 93.00981, 12.06944 ], [ 93.00965, 12.07036 ], [ 93.00824, 12.07014 ] ] ], [ [ [ 92.79998, 12.08975 ], [ 92.79928, 12.09018 ], [ 92.79902, 12.08923 ], [ 92.79998, 12.08975 ] ] ], [ [ [ 93.00451, 12.07168 ], [ 93.0049, 12.06895 ], [ 93.00703, 12.0692 ], [ 93.00451, 12.07168 ] ] ], [ [ [ 93.05258, 12.07282 ], [ 93.05354, 12.07252 ], [ 93.05345, 12.07291 ], [ 93.05258, 12.07282 ] ] ], [ [ [ 93.05404, 12.07406 ], [ 93.05368, 12.07358 ], [ 93.05441, 12.07328 ], [ 93.05404, 12.07406 ] ] ], [ [ [ 93.07666, 12.07674 ], [ 93.07698, 12.07627 ], [ 93.07731, 12.07638 ], [ 93.07666, 12.07674 ] ] ], [ [ [ 93.07837, 12.07653 ], [ 93.07905, 12.07659 ], [ 93.07894, 12.0771 ], [ 93.07837, 12.07653 ] ] ], [ [ [ 93.08012, 12.07729 ], [ 93.07952, 12.07719 ], [ 93.07995, 12.07647 ], [ 93.08012, 12.07729 ] ] ], [ [ [ 93.08237, 12.07827 ], [ 93.08283, 12.07827 ], [ 93.08284, 12.07887 ], [ 93.08237, 12.07827 ] ] ], [ [ [ 92.95582, 12.09119 ], [ 92.95688, 12.08981 ], [ 92.9576, 12.09118 ], [ 92.95582, 12.09119 ] ] ], [ [ [ 92.74079, 12.11172 ], [ 92.74051, 12.11312 ], [ 92.73873, 12.11092 ], [ 92.74079, 12.11172 ] ] ], [ [ [ 93.03385, 12.10476 ], [ 93.03319, 12.10495 ], [ 93.03387, 12.1029 ], [ 93.03385, 12.10476 ] ] ], [ [ [ 92.99865, 12.10873 ], [ 92.99812, 12.10789 ], [ 93.00481, 12.10611 ], [ 92.99865, 12.10873 ] ] ], [ [ [ 92.97172, 12.10384 ], [ 92.95789, 12.10855 ], [ 92.97177, 12.08659 ], [ 92.95644, 12.07307 ], [ 92.97492, 12.06722 ], [ 92.99414, 12.04368 ], [ 93.00503, 12.10064 ], [ 92.97172, 12.10384 ] ] ], [ [ [ 92.9777, 12.11086 ], [ 92.9761, 12.11213 ], [ 92.97599, 12.11003 ], [ 92.9777, 12.11086 ] ] ], [ [ [ 92.99272, 12.11058 ], [ 92.9916, 12.11154 ], [ 92.99084, 12.11043 ], [ 92.99272, 12.11058 ] ] ], [ [ [ 92.97258, 12.11654 ], [ 92.97195, 12.11581 ], [ 92.97307, 12.11534 ], [ 92.97258, 12.11654 ] ] ], [ [ [ 92.94568, 12.11988 ], [ 92.95013, 12.07924 ], [ 92.9573, 12.09923 ], [ 92.94568, 12.11988 ] ] ], [ [ [ 92.95946, 12.11929 ], [ 92.96259, 12.11397 ], [ 92.96283, 12.1168 ], [ 92.95946, 12.11929 ] ] ], [ [ [ 92.96098, 12.1198 ], [ 92.96028, 12.12077 ], [ 92.96011, 12.12017 ], [ 92.96098, 12.1198 ] ] ], [ [ [ 92.95593, 12.12573 ], [ 92.95674, 12.12328 ], [ 92.95824, 12.12592 ], [ 92.95593, 12.12573 ] ] ], [ [ [ 92.75772, 12.14613 ], [ 92.7567, 12.14898 ], [ 92.75438, 12.14749 ], [ 92.75772, 12.14613 ] ] ], [ [ [ 92.95578, 12.1302 ], [ 92.95754, 12.13053 ], [ 92.95737, 12.13104 ], [ 92.95578, 12.1302 ] ] ], [ [ [ 92.85154, 12.14145 ], [ 92.85138, 12.14164 ], [ 92.85114, 12.14134 ], [ 92.85154, 12.14145 ] ] ], [ [ [ 92.85206, 12.1419 ], [ 92.85186, 12.14208 ], [ 92.85145, 12.1418 ], [ 92.85206, 12.1419 ] ] ], [ [ [ 92.71275, 12.1705 ], [ 92.71253, 12.16954 ], [ 92.71335, 12.16968 ], [ 92.71275, 12.1705 ] ] ], [ [ [ 92.75985, 12.16825 ], [ 92.7597, 12.16857 ], [ 92.75875, 12.16809 ], [ 92.75985, 12.16825 ] ] ], [ [ [ 93.00595, 12.14953 ], [ 93.0044, 12.15018 ], [ 93.00454, 12.14836 ], [ 93.00595, 12.14953 ] ] ], [ [ [ 92.98811, 12.15096 ], [ 92.98769, 12.15196 ], [ 92.98739, 12.15092 ], [ 92.98811, 12.15096 ] ] ], [ [ [ 92.75938, 12.17255 ], [ 92.75906, 12.16966 ], [ 92.75989, 12.17047 ], [ 92.75938, 12.17255 ] ] ], [ [ [ 93.00692, 12.15069 ], [ 93.00759, 12.15066 ], [ 93.00732, 12.1525 ], [ 93.00692, 12.15069 ] ] ], [ [ [ 92.9858, 12.15614 ], [ 92.98541, 12.15692 ], [ 92.98386, 12.15575 ], [ 92.9858, 12.15614 ] ] ], [ [ [ 92.72084, 12.18087 ], [ 92.7208, 12.18184 ], [ 92.71994, 12.18156 ], [ 92.72084, 12.18087 ] ] ], [ [ [ 93.01224, 12.15616 ], [ 93.01335, 12.15414 ], [ 93.01435, 12.15659 ], [ 93.01224, 12.15616 ] ] ], [ [ [ 92.98755, 12.14655 ], [ 92.9566, 12.14996 ], [ 92.95425, 12.13574 ], [ 93.00097, 12.11097 ], [ 92.99317, 12.13612 ], [ 92.99784, 12.14595 ], [ 92.98755, 12.14655 ] ] ], [ [ [ 92.75555, 12.18085 ], [ 92.76076, 12.17347 ], [ 92.7613, 12.17981 ], [ 92.75555, 12.18085 ] ] ], [ [ [ 93.01316, 12.15827 ], [ 93.01217, 12.15874 ], [ 93.01217, 12.15792 ], [ 93.01316, 12.15827 ] ] ], [ [ [ 93.10856, 12.14495 ], [ 93.11242, 12.12925 ], [ 93.12288, 12.13838 ], [ 93.10856, 12.14495 ] ] ], [ [ [ 92.73034, 12.18796 ], [ 92.72938, 12.18933 ], [ 92.72431, 12.18503 ], [ 92.73034, 12.18796 ] ] ], [ [ [ 93.01575, 12.16441 ], [ 93.01553, 12.16485 ], [ 93.01495, 12.16447 ], [ 93.01575, 12.16441 ] ] ], [ [ [ 93.02843, 12.16659 ], [ 92.99535, 12.13167 ], [ 93.00719, 12.10499 ], [ 93.00507, 12.07676 ], [ 93.04344, 12.04264 ], [ 93.0532, 12.05378 ], [ 93.05056, 12.07471 ], [ 93.054, 12.07658 ], [ 93.03581, 12.09687 ], [ 93.03216, 12.10531 ], [ 93.02843, 12.16659 ] ] ], [ [ [ 92.86577, 12.18276 ], [ 92.86499, 12.18295 ], [ 92.86507, 12.18208 ], [ 92.86577, 12.18276 ] ] ], [ [ [ 92.70734, 12.19714 ], [ 92.70718, 12.19756 ], [ 92.70629, 12.19732 ], [ 92.70734, 12.19714 ] ] ], [ [ [ 92.848, 12.19683 ], [ 92.8476, 12.19693 ], [ 92.84731, 12.19609 ], [ 92.848, 12.19683 ] ] ], [ [ [ 92.6825, 12.21664 ], [ 92.68166, 12.2239 ], [ 92.67887, 12.21928 ], [ 92.6825, 12.21664 ] ] ], [ [ [ 92.69627, 12.23893 ], [ 92.68117, 12.19178 ], [ 92.67517, 12.18685 ], [ 92.67395, 12.21779 ], [ 92.65531, 12.18011 ], [ 92.66039, 12.21494 ], [ 92.62205, 12.10139 ], [ 92.62816, 12.043 ], [ 92.60762, 11.9298 ], [ 92.59263, 11.91849 ], [ 92.59867, 11.90449 ], [ 92.62035, 11.93108 ], [ 92.61026, 11.84731 ], [ 92.60478, 11.85286 ], [ 92.5991, 11.86609 ], [ 92.59897, 11.89964 ], [ 92.58287, 11.87701 ], [ 92.56407, 11.95081 ], [ 92.52024, 11.89862 ], [ 92.50567, 11.82452 ], [ 92.52382, 11.80737 ], [ 92.54502, 11.84334 ], [ 92.54691, 11.83618 ], [ 92.54674, 11.82944 ], [ 92.53165, 11.80593 ], [ 92.54956, 11.80975 ], [ 92.54284, 11.80135 ], [ 92.52941, 11.795 ], [ 92.54072, 11.78554 ], [ 92.54958, 11.80223 ], [ 92.55865, 11.77265 ], [ 92.55805, 11.6923 ], [ 92.59129, 11.73828 ], [ 92.5977, 11.64909 ], [ 92.6447, 11.63527 ], [ 92.63491, 11.61547 ], [ 92.60184, 11.60865 ], [ 92.61879, 11.58259 ], [ 92.61939, 11.57184 ], [ 92.61648, 11.56344 ], [ 92.64625, 11.5724 ], [ 92.6452, 11.52253 ], [ 92.69691, 11.50578 ], [ 92.71023, 11.47738 ], [ 92.75599, 11.66505 ], [ 92.71438, 11.67844 ], [ 92.72821, 11.65822 ], [ 92.69407, 11.65287 ], [ 92.70163, 11.61773 ], [ 92.6864, 11.60299 ], [ 92.68929, 11.61451 ], [ 92.69495, 11.61643 ], [ 92.69065, 11.62743 ], [ 92.68779, 11.62743 ], [ 92.69219, 11.62269 ], [ 92.68882, 11.6174 ], [ 92.67295, 11.60737 ], [ 92.67203, 11.6092 ], [ 92.68174, 11.61934 ], [ 92.68337, 11.6203 ], [ 92.68489, 11.62025 ], [ 92.68837, 11.61814 ], [ 92.6872, 11.62331 ], [ 92.68852, 11.62422 ], [ 92.6912, 11.62247 ], [ 92.66014, 11.65223 ], [ 92.70772, 11.67051 ], [ 92.70568, 11.70006 ], [ 92.68627, 11.69221 ], [ 92.68222, 11.7141 ], [ 92.68529, 11.71272 ], [ 92.6852, 11.70921 ], [ 92.68903, 11.70726 ], [ 92.68997, 11.69774 ], [ 92.69645, 11.71888 ], [ 92.71095, 11.69325 ], [ 92.75445, 11.70065 ], [ 92.78998, 11.88545 ], [ 92.78299, 11.93692 ], [ 92.74426, 11.9321 ], [ 92.72965, 11.85478 ], [ 92.69961, 11.80963 ], [ 92.7058, 11.79269 ], [ 92.6975, 11.81251 ], [ 92.67238, 11.78277 ], [ 92.67008, 11.7982 ], [ 92.69192, 11.81367 ], [ 92.65474, 11.83385 ], [ 92.6952, 11.81291 ], [ 92.70075, 11.82961 ], [ 92.7017, 11.81433 ], [ 92.72422, 11.85655 ], [ 92.72333, 11.87683 ], [ 92.70638, 11.86444 ], [ 92.70981, 11.87283 ], [ 92.72222, 11.87893 ], [ 92.72421, 11.89118 ], [ 92.71367, 11.88906 ], [ 92.7039, 11.90076 ], [ 92.70716, 11.90087 ], [ 92.70987, 11.89652 ], [ 92.71162, 11.89818 ], [ 92.71335, 11.89787 ], [ 92.71819, 11.8921 ], [ 92.72507, 11.89726 ], [ 92.71049, 11.93308 ], [ 92.72206, 11.99346 ], [ 92.7305, 11.99971 ], [ 92.74357, 11.9943 ], [ 92.74395, 11.99973 ], [ 92.76394, 11.98656 ], [ 92.77051, 11.99861 ], [ 92.72514, 12.02326 ], [ 92.72494, 12.0246 ], [ 92.72602, 12.02543 ], [ 92.73857, 12.02426 ], [ 92.74001, 12.02861 ], [ 92.72807, 12.03549 ], [ 92.72734, 12.05433 ], [ 92.72545, 12.04885 ], [ 92.72111, 12.05159 ], [ 92.7196, 12.04851 ], [ 92.71609, 12.04982 ], [ 92.71044, 12.03104 ], [ 92.70945, 12.03205 ], [ 92.70958, 12.03392 ], [ 92.71505, 12.05168 ], [ 92.71317, 12.04793 ], [ 92.70074, 12.04008 ], [ 92.69681, 12.04021 ], [ 92.6966, 12.0425 ], [ 92.69729, 12.04067 ], [ 92.69869, 12.04247 ], [ 92.70067, 12.04072 ], [ 92.70714, 12.04711 ], [ 92.70931, 12.04639 ], [ 92.70983, 12.04977 ], [ 92.71097, 12.05073 ], [ 92.71336, 12.04902 ], [ 92.71244, 12.05152 ], [ 92.71381, 12.05278 ], [ 92.71813, 12.04939 ], [ 92.72063, 12.05251 ], [ 92.72507, 12.04965 ], [ 92.7253, 12.05739 ], [ 92.72746, 12.05953 ], [ 92.73816, 12.05723 ], [ 92.72541, 12.0959 ], [ 92.7567, 12.17567 ], [ 92.71937, 12.17972 ], [ 92.70924, 12.14781 ], [ 92.70103, 12.18695 ], [ 92.70892, 12.21616 ], [ 92.69627, 12.23893 ] ] ], [ [ [ 92.87037, 12.22834 ], [ 92.87127, 12.22764 ], [ 92.87152, 12.22834 ], [ 92.87037, 12.22834 ] ] ], [ [ [ 92.73483, 12.23959 ], [ 92.72247, 12.18833 ], [ 92.72851, 12.19768 ], [ 92.76296, 12.18177 ], [ 92.76186, 12.22953 ], [ 92.74411, 12.22787 ], [ 92.73891, 12.23619 ], [ 92.74236, 12.20476 ], [ 92.72954, 12.21442 ], [ 92.73483, 12.23959 ] ] ], [ [ [ 93.08231, 12.07883 ], [ 93.10159, 12.12877 ], [ 93.08453, 12.11934 ], [ 93.09191, 12.18188 ], [ 93.07626, 12.17973 ], [ 93.08793, 12.19514 ], [ 93.06913, 12.21223 ], [ 93.03527, 12.13209 ], [ 93.06845, 12.12148 ], [ 93.04839, 12.11179 ], [ 93.08231, 12.07883 ] ] ], [ [ [ 92.92346, 12.21289 ], [ 92.93232, 12.19544 ], [ 92.9407, 12.21596 ], [ 92.92346, 12.21289 ] ] ], [ [ [ 92.69836, 12.24794 ], [ 92.69657, 12.25019 ], [ 92.69483, 12.24646 ], [ 92.69836, 12.24794 ] ] ], [ [ [ 93.02074, 12.22419 ], [ 93.02006, 12.22527 ], [ 93.0187, 12.22438 ], [ 93.02074, 12.22419 ] ] ], [ [ [ 92.73183, 12.25203 ], [ 92.73143, 12.25267 ], [ 92.73138, 12.25223 ], [ 92.73183, 12.25203 ] ] ], [ [ [ 92.88225, 12.24063 ], [ 92.8817, 12.24171 ], [ 92.88059, 12.23976 ], [ 92.88225, 12.24063 ] ] ], [ [ [ 92.724, 12.25611 ], [ 92.72141, 12.25635 ], [ 92.72112, 12.25537 ], [ 92.724, 12.25611 ] ] ], [ [ [ 92.71708, 12.2569 ], [ 92.71677, 12.25903 ], [ 92.71569, 12.25833 ], [ 92.71708, 12.2569 ] ] ], [ [ [ 92.91217, 12.24514 ], [ 92.91146, 12.24563 ], [ 92.91108, 12.24408 ], [ 92.91217, 12.24514 ] ] ], [ [ [ 92.86085, 12.24558 ], [ 92.86505, 12.23603 ], [ 92.86877, 12.24844 ], [ 92.86085, 12.24558 ] ] ], [ [ [ 92.88092, 12.2486 ], [ 92.87922, 12.24994 ], [ 92.87844, 12.2485 ], [ 92.88092, 12.2486 ] ] ], [ [ [ 92.91158, 12.24903 ], [ 92.9104, 12.24937 ], [ 92.91031, 12.24793 ], [ 92.91158, 12.24903 ] ] ], [ [ [ 92.90787, 12.24938 ], [ 92.90684, 12.25084 ], [ 92.90576, 12.24931 ], [ 92.90787, 12.24938 ] ] ], [ [ [ 92.91182, 12.25037 ], [ 92.91144, 12.25137 ], [ 92.91072, 12.25029 ], [ 92.91182, 12.25037 ] ] ], [ [ [ 92.90616, 12.25268 ], [ 92.90625, 12.25118 ], [ 92.90785, 12.25117 ], [ 92.90616, 12.25268 ] ] ], [ [ [ 92.90522, 12.25457 ], [ 92.90493, 12.25475 ], [ 92.9047, 12.25445 ], [ 92.90522, 12.25457 ] ] ], [ [ [ 92.90774, 12.2538 ], [ 92.90859, 12.25528 ], [ 92.90592, 12.25419 ], [ 92.90774, 12.2538 ] ] ], [ [ [ 92.86417, 12.25931 ], [ 92.86305, 12.26001 ], [ 92.86286, 12.2592 ], [ 92.86417, 12.25931 ] ] ], [ [ [ 92.9188, 12.25438 ], [ 92.91835, 12.2552 ], [ 92.91752, 12.25475 ], [ 92.9188, 12.25438 ] ] ], [ [ [ 92.9007, 12.25773 ], [ 92.90082, 12.25819 ], [ 92.89984, 12.2578 ], [ 92.9007, 12.25773 ] ] ], [ [ [ 92.91905, 12.25631 ], [ 92.91914, 12.2568 ], [ 92.91777, 12.25659 ], [ 92.91905, 12.25631 ] ] ], [ [ [ 92.92047, 12.25559 ], [ 92.9203, 12.25684 ], [ 92.91923, 12.25548 ], [ 92.92047, 12.25559 ] ] ], [ [ [ 92.90768, 12.25827 ], [ 92.9069, 12.25627 ], [ 92.90851, 12.25658 ], [ 92.90768, 12.25827 ] ] ], [ [ [ 92.90297, 12.26005 ], [ 92.90219, 12.26084 ], [ 92.9013, 12.25796 ], [ 92.90297, 12.26005 ] ] ], [ [ [ 92.91446, 12.26135 ], [ 92.91308, 12.26253 ], [ 92.91253, 12.26186 ], [ 92.91446, 12.26135 ] ] ], [ [ [ 92.91734, 12.26142 ], [ 92.91638, 12.26235 ], [ 92.91567, 12.26145 ], [ 92.91734, 12.26142 ] ] ], [ [ [ 92.90209, 12.26389 ], [ 92.90194, 12.26416 ], [ 92.90205, 12.26364 ], [ 92.90209, 12.26389 ] ] ], [ [ [ 92.91567, 12.26354 ], [ 92.91449, 12.26388 ], [ 92.91411, 12.26321 ], [ 92.91567, 12.26354 ] ] ], [ [ [ 92.88465, 12.23857 ], [ 92.87912, 12.23825 ], [ 92.87732, 12.24896 ], [ 92.86969, 12.24484 ], [ 92.87749, 12.20931 ], [ 92.89104, 12.23132 ], [ 92.91351, 12.22109 ], [ 92.9137, 12.23215 ], [ 92.90446, 12.24761 ], [ 92.90515, 12.25202 ], [ 92.89719, 12.25621 ], [ 92.88465, 12.23857 ] ] ], [ [ [ 92.74862, 12.28788 ], [ 92.73427, 12.27013 ], [ 92.73458, 12.24813 ], [ 92.74172, 12.25547 ], [ 92.74862, 12.28788 ] ] ], [ [ [ 92.73727, 12.29099 ], [ 92.7366, 12.29277 ], [ 92.73435, 12.28746 ], [ 92.73727, 12.29099 ] ] ], [ [ [ 92.75126, 12.29172 ], [ 92.75051, 12.29099 ], [ 92.75092, 12.29063 ], [ 92.75126, 12.29172 ] ] ], [ [ [ 92.88813, 12.28072 ], [ 92.88398, 12.27422 ], [ 92.88972, 12.27234 ], [ 92.88813, 12.28072 ] ] ], [ [ [ 92.75258, 12.29311 ], [ 92.75316, 12.29411 ], [ 92.75219, 12.29423 ], [ 92.75258, 12.29311 ] ] ], [ [ [ 92.76725, 12.28537 ], [ 92.76125, 12.29391 ], [ 92.75221, 12.27787 ], [ 92.76725, 12.28537 ] ] ], [ [ [ 92.71044, 12.29706 ], [ 92.70993, 12.22966 ], [ 92.71878, 12.28319 ], [ 92.72308, 12.29102 ], [ 92.71044, 12.29706 ] ] ], [ [ [ 93.10434, 12.26401 ], [ 93.08548, 12.23839 ], [ 93.07253, 12.26226 ], [ 93.06181, 12.23345 ], [ 93.10012, 12.20042 ], [ 93.10744, 12.24514 ], [ 93.10434, 12.26401 ] ] ], [ [ [ 92.77107, 12.29357 ], [ 92.76988, 12.29509 ], [ 92.76595, 12.28957 ], [ 92.77107, 12.29357 ] ] ], [ [ [ 92.76509, 12.29763 ], [ 92.76491, 12.29947 ], [ 92.76273, 12.29746 ], [ 92.76509, 12.29763 ] ] ], [ [ [ 92.87688, 12.28433 ], [ 92.87844, 12.28407 ], [ 92.88136, 12.28032 ], [ 92.88452, 12.27976 ], [ 92.88791, 12.28567 ], [ 92.87688, 12.28433 ] ] ], [ [ [ 93.02639, 12.28007 ], [ 93.02038, 12.27471 ], [ 93.02532, 12.27344 ], [ 93.02639, 12.28007 ] ] ], [ [ [ 92.88838, 12.29658 ], [ 92.88722, 12.29346 ], [ 92.89091, 12.29368 ], [ 92.88838, 12.29658 ] ] ], [ [ [ 92.87924, 12.30044 ], [ 92.87603, 12.29479 ], [ 92.88473, 12.29701 ], [ 92.87924, 12.30044 ] ] ], [ [ [ 92.86322, 12.30433 ], [ 92.86351, 12.30297 ], [ 92.86545, 12.30379 ], [ 92.86322, 12.30433 ] ] ], [ [ [ 92.795, 12.30359 ], [ 92.77078, 12.31301 ], [ 92.78768, 12.28024 ], [ 92.76324, 12.26248 ], [ 92.74939, 12.27409 ], [ 92.74114, 12.24538 ], [ 92.77081, 12.24157 ], [ 92.76346, 12.16524 ], [ 92.75855, 12.15939 ], [ 92.75825, 12.14567 ], [ 92.73777, 12.09754 ], [ 92.74721, 12.07413 ], [ 92.75784, 12.0815 ], [ 92.75777, 12.09094 ], [ 92.76, 12.09543 ], [ 92.76357, 12.09679 ], [ 92.76336, 12.09962 ], [ 92.76378, 12.09662 ], [ 92.76222, 12.09521 ], [ 92.76033, 12.09535 ], [ 92.76068, 12.0929 ], [ 92.75882, 12.09157 ], [ 92.76376, 12.09014 ], [ 92.76162, 12.08975 ], [ 92.75906, 12.09107 ], [ 92.76036, 12.08907 ], [ 92.75817, 12.08139 ], [ 92.75463, 12.07604 ], [ 92.75205, 12.0744 ], [ 92.76344, 12.06322 ], [ 92.80079, 12.09354 ], [ 92.78363, 12.10603 ], [ 92.81811, 12.11318 ], [ 92.80149, 12.13199 ], [ 92.81642, 12.12461 ], [ 92.82693, 12.15614 ], [ 92.80713, 12.15994 ], [ 92.80109, 12.17059 ], [ 92.80677, 12.17116 ], [ 92.80757, 12.16007 ], [ 92.81723, 12.16372 ], [ 92.82077, 12.15976 ], [ 92.82239, 12.17814 ], [ 92.84446, 12.14745 ], [ 92.85484, 12.16179 ], [ 92.85414, 12.19103 ], [ 92.82677, 12.203 ], [ 92.8328, 12.21453 ], [ 92.83352, 12.21479 ], [ 92.84027, 12.21245 ], [ 92.84047, 12.21909 ], [ 92.81703, 12.23245 ], [ 92.80572, 12.23076 ], [ 92.80262, 12.23264 ], [ 92.80506, 12.232 ], [ 92.80592, 12.23107 ], [ 92.80698, 12.23226 ], [ 92.81114, 12.23408 ], [ 92.81739, 12.23296 ], [ 92.84059, 12.21939 ], [ 92.84053, 12.21233 ], [ 92.83985, 12.21215 ], [ 92.83842, 12.21303 ], [ 92.83569, 12.21307 ], [ 92.83318, 12.21438 ], [ 92.83491, 12.21146 ], [ 92.83324, 12.20589 ], [ 92.82756, 12.203 ], [ 92.85316, 12.20433 ], [ 92.87456, 12.1923 ], [ 92.88286, 12.19768 ], [ 92.85787, 12.2445 ], [ 92.86196, 12.26357 ], [ 92.86187, 12.26254 ], [ 92.86297, 12.26357 ], [ 92.8646, 12.26252 ], [ 92.86374, 12.26142 ], [ 92.86566, 12.26111 ], [ 92.86425, 12.25831 ], [ 92.86812, 12.25726 ], [ 92.86963, 12.25097 ], [ 92.87525, 12.25061 ], [ 92.89126, 12.26644 ], [ 92.86344, 12.28678 ], [ 92.866, 12.29317 ], [ 92.86905, 12.29531 ], [ 92.87152, 12.29539 ], [ 92.87223, 12.30171 ], [ 92.849, 12.30205 ], [ 92.85224, 12.2856 ], [ 92.85473, 12.28839 ], [ 92.85614, 12.28378 ], [ 92.85607, 12.28316 ], [ 92.85472, 12.28133 ], [ 92.85375, 12.28122 ], [ 92.85601, 12.28353 ], [ 92.85418, 12.28451 ], [ 92.8541, 12.2867 ], [ 92.85485, 12.28792 ], [ 92.85038, 12.28327 ], [ 92.847, 12.30366 ], [ 92.83212, 12.29202 ], [ 92.795, 12.30359 ] ] ], [ [ [ 92.85841, 12.31184 ], [ 92.85714, 12.31239 ], [ 92.85783, 12.31121 ], [ 92.85841, 12.31184 ] ] ], [ [ [ 92.93349, 12.31101 ], [ 92.92754, 12.27809 ], [ 92.91339, 12.3041 ], [ 92.90091, 12.28824 ], [ 92.91987, 12.26914 ], [ 92.92215, 12.22928 ], [ 92.94302, 12.2748 ], [ 92.93349, 12.31101 ] ] ], [ [ [ 93.0706, 12.31965 ], [ 93.06125, 12.31528 ], [ 93.06191, 12.31478 ], [ 93.0706, 12.31965 ] ] ], [ [ [ 92.85791, 12.33483 ], [ 92.85728, 12.3372 ], [ 92.85853, 12.33869 ], [ 92.8572, 12.34009 ], [ 92.85645, 12.33328 ], [ 92.85504, 12.33205 ], [ 92.85845, 12.3298 ], [ 92.85719, 12.32831 ], [ 92.86111, 12.32373 ], [ 92.86028, 12.32011 ], [ 92.86184, 12.32113 ], [ 92.85823, 12.31406 ], [ 92.90008, 12.3235 ], [ 92.88523, 12.33195 ], [ 92.87094, 12.32869 ], [ 92.85791, 12.33483 ] ] ], [ [ [ 92.90596, 12.34008 ], [ 92.90392, 12.34111 ], [ 92.90426, 12.33808 ], [ 92.90596, 12.34008 ] ] ], [ [ [ 92.91393, 12.35637 ], [ 92.90674, 12.34167 ], [ 92.91273, 12.33063 ], [ 92.91393, 12.35637 ] ] ], [ [ [ 92.84291, 12.39567 ], [ 92.84222, 12.39585 ], [ 92.84233, 12.39531 ], [ 92.84291, 12.39567 ] ] ], [ [ [ 93.85312, 12.30022 ], [ 93.83405, 12.27816 ], [ 93.84536, 12.26917 ], [ 93.867, 12.27538 ], [ 93.85312, 12.30022 ] ] ], [ [ [ 92.89436, 12.39568 ], [ 92.89659, 12.39201 ], [ 92.89726, 12.39331 ], [ 92.89436, 12.39568 ] ] ], [ [ [ 92.8421, 12.40381 ], [ 92.84184, 12.40437 ], [ 92.8415, 12.40372 ], [ 92.8421, 12.40381 ] ] ], [ [ [ 92.86413, 12.40854 ], [ 92.86393, 12.40794 ], [ 92.86477, 12.40772 ], [ 92.86413, 12.40854 ] ] ], [ [ [ 92.88097, 12.39838 ], [ 92.85101, 12.40855 ], [ 92.84391, 12.3953 ], [ 92.88226, 12.3737 ], [ 92.88097, 12.39838 ] ] ], [ [ [ 92.8774, 12.40882 ], [ 92.88059, 12.41069 ], [ 92.87384, 12.40917 ], [ 92.8774, 12.40882 ] ] ], [ [ [ 92.88823, 12.41281 ], [ 92.88843, 12.41268 ], [ 92.88865, 12.41289 ], [ 92.88823, 12.41281 ] ] ], [ [ [ 92.89851, 12.41193 ], [ 92.89752, 12.41219 ], [ 92.89707, 12.40833 ], [ 92.89851, 12.41193 ] ] ], [ [ [ 92.888, 12.41414 ], [ 92.88828, 12.41323 ], [ 92.88944, 12.41405 ], [ 92.888, 12.41414 ] ] ], [ [ [ 92.90137, 12.4125 ], [ 92.90153, 12.41189 ], [ 92.90241, 12.41252 ], [ 92.90137, 12.4125 ] ] ], [ [ [ 92.88787, 12.41471 ], [ 92.88797, 12.41442 ], [ 92.88818, 12.41446 ], [ 92.88787, 12.41471 ] ] ], [ [ [ 92.86838, 12.41415 ], [ 92.86762, 12.42036 ], [ 92.85787, 12.41709 ], [ 92.86838, 12.41415 ] ] ], [ [ [ 92.83246, 12.42692 ], [ 92.83828, 12.41131 ], [ 92.85843, 12.41331 ], [ 92.84199, 12.41601 ], [ 92.83246, 12.42692 ] ] ], [ [ [ 92.90083, 12.42612 ], [ 92.8986, 12.42563 ], [ 92.8983, 12.42165 ], [ 92.90083, 12.42612 ] ] ], [ [ [ 92.95618, 12.43462 ], [ 92.92485, 12.40408 ], [ 92.93019, 12.35677 ], [ 92.96073, 12.42121 ], [ 92.95618, 12.43462 ] ] ], [ [ [ 92.91592, 12.44183 ], [ 92.9153, 12.44214 ], [ 92.91485, 12.44157 ], [ 92.91592, 12.44183 ] ] ], [ [ [ 92.6618, 12.53288 ], [ 92.67814, 12.50556 ], [ 92.68807, 12.55006 ], [ 92.6618, 12.53288 ] ] ], [ [ [ 92.69919, 12.63714 ], [ 92.7022, 12.63618 ], [ 92.7023, 12.63766 ], [ 92.69919, 12.63714 ] ] ], [ [ [ 92.70153, 12.64119 ], [ 92.69888, 12.63895 ], [ 92.70173, 12.63799 ], [ 92.70153, 12.64119 ] ] ], [ [ [ 92.70089, 12.64106 ], [ 92.70099, 12.64146 ], [ 92.70016, 12.64069 ], [ 92.70089, 12.64106 ] ] ], [ [ [ 92.70094, 12.64175 ], [ 92.70284, 12.64116 ], [ 92.70275, 12.64311 ], [ 92.70094, 12.64175 ] ] ], [ [ [ 92.72686, 12.65537 ], [ 92.72632, 12.65518 ], [ 92.72687, 12.65515 ], [ 92.72719, 12.65454 ], [ 92.727, 12.65425 ], [ 92.7289, 12.65308 ], [ 92.73014, 12.65312 ], [ 92.72921, 12.65341 ], [ 92.72686, 12.65537 ] ] ], [ [ [ 92.72494, 12.65275 ], [ 92.72699, 12.65459 ], [ 92.72595, 12.65514 ], [ 92.72494, 12.65275 ] ] ], [ [ [ 92.7818, 12.64761 ], [ 92.78099, 12.65584 ], [ 92.77942, 12.64856 ], [ 92.7818, 12.64761 ] ] ], [ [ [ 92.72489, 12.68356 ], [ 92.7248, 12.68372 ], [ 92.72437, 12.68335 ], [ 92.72489, 12.68356 ] ] ], [ [ [ 92.71469, 12.68958 ], [ 92.71365, 12.69009 ], [ 92.71342, 12.68909 ], [ 92.71469, 12.68958 ] ] ], [ [ [ 92.72421, 12.69213 ], [ 92.72338, 12.69248 ], [ 92.72297, 12.69192 ], [ 92.72421, 12.69213 ] ] ], [ [ [ 92.72273, 12.69259 ], [ 92.72239, 12.69274 ], [ 92.72219, 12.6921 ], [ 92.72273, 12.69259 ] ] ], [ [ [ 92.77633, 12.67612 ], [ 92.78199, 12.68824 ], [ 92.7726, 12.67397 ], [ 92.77633, 12.67612 ] ] ], [ [ [ 92.73194, 12.70377 ], [ 92.73027, 12.70579 ], [ 92.72979, 12.70155 ], [ 92.73194, 12.70377 ] ] ], [ [ [ 92.777, 12.71791 ], [ 92.78099, 12.71155 ], [ 92.78389, 12.71339 ], [ 92.782, 12.71536 ], [ 92.777, 12.71791 ] ] ], [ [ [ 92.78197, 12.71869 ], [ 92.78191, 12.71903 ], [ 92.78076, 12.71874 ], [ 92.78197, 12.71869 ] ] ], [ [ [ 74.67563, 13.19373 ], [ 74.67528, 13.19393 ], [ 74.6751, 13.19341 ], [ 74.67563, 13.19373 ] ] ], [ [ [ 74.67552, 13.19497 ], [ 74.67516, 13.19545 ], [ 74.67504, 13.19515 ], [ 74.67552, 13.19497 ] ] ], [ [ [ 74.67292, 13.1964 ], [ 74.67247, 13.1964 ], [ 74.6724, 13.19603 ], [ 74.67292, 13.1964 ] ] ], [ [ [ 74.67425, 13.1972 ], [ 74.67405, 13.19737 ], [ 74.674, 13.19688 ], [ 74.67425, 13.1972 ] ] ], [ [ [ 74.67183, 13.1977 ], [ 74.67147, 13.19795 ], [ 74.67131, 13.1977 ], [ 74.67183, 13.1977 ] ] ], [ [ [ 74.67151, 13.19907 ], [ 74.67169, 13.19933 ], [ 74.67088, 13.19972 ], [ 74.67151, 13.19907 ] ] ], [ [ [ 92.73758, 12.73412 ], [ 92.73741, 12.73309 ], [ 92.73845, 12.73263 ], [ 92.73847, 12.73288 ], [ 92.73758, 12.73412 ] ] ], [ [ [ 92.72197, 12.73763 ], [ 92.72733, 12.7266 ], [ 92.72895, 12.73061 ], [ 92.72197, 12.73763 ] ] ], [ [ [ 92.72602, 12.75361 ], [ 92.72525, 12.75388 ], [ 92.72474, 12.75286 ], [ 92.72602, 12.75361 ] ] ], [ [ [ 92.96895, 12.74125 ], [ 92.96842, 12.74156 ], [ 92.96819, 12.7407 ], [ 92.96895, 12.74125 ] ] ], [ [ [ 92.96712, 12.74313 ], [ 92.96818, 12.74178 ], [ 92.96845, 12.74213 ], [ 92.96712, 12.74313 ] ] ], [ [ [ 92.65629, 12.77403 ], [ 92.65571, 12.77487 ], [ 92.65365, 12.77253 ], [ 92.65629, 12.77403 ] ] ], [ [ [ 92.71758, 12.77452 ], [ 92.71632, 12.7748 ], [ 92.71594, 12.774 ], [ 92.71758, 12.77452 ] ] ], [ [ [ 92.71686, 12.77679 ], [ 92.71477, 12.77703 ], [ 92.71526, 12.77546 ], [ 92.71686, 12.77679 ] ] ], [ [ [ 74.72104, 13.2433 ], [ 74.72073, 13.24352 ], [ 74.72056, 13.24265 ], [ 74.72104, 13.2433 ] ] ], [ [ [ 92.9604, 12.75535 ], [ 92.96077, 12.75529 ], [ 92.9606, 12.75589 ], [ 92.9604, 12.75535 ] ] ], [ [ [ 92.95411, 12.75744 ], [ 92.95598, 12.75665 ], [ 92.956, 12.75736 ], [ 92.95411, 12.75744 ] ] ], [ [ [ 92.95851, 12.75688 ], [ 92.95993, 12.75642 ], [ 92.95885, 12.75723 ], [ 92.95851, 12.75688 ] ] ], [ [ [ 92.71585, 12.78336 ], [ 92.71572, 12.78404 ], [ 92.71494, 12.78366 ], [ 92.71585, 12.78336 ] ] ], [ [ [ 92.71657, 12.78819 ], [ 92.724, 12.76207 ], [ 92.72347, 12.76742 ], [ 92.71657, 12.78819 ] ] ], [ [ [ 92.93931, 12.7694 ], [ 92.93929, 12.76904 ], [ 92.94104, 12.76927 ], [ 92.93931, 12.7694 ] ] ], [ [ [ 92.71751, 12.79018 ], [ 92.71661, 12.7907 ], [ 92.71663, 12.79007 ], [ 92.71751, 12.79018 ] ] ], [ [ [ 92.94474, 12.77114 ], [ 92.94299, 12.76967 ], [ 92.9467, 12.77052 ], [ 92.94474, 12.77114 ] ] ], [ [ [ 92.71642, 12.79505 ], [ 92.71886, 12.79109 ], [ 92.7186, 12.79398 ], [ 92.71642, 12.79505 ] ] ], [ [ [ 92.72184, 12.79559 ], [ 92.72251, 12.79657 ], [ 92.72034, 12.7959 ], [ 92.72184, 12.79559 ] ] ], [ [ [ 92.71542, 12.79614 ], [ 92.71506, 12.79755 ], [ 92.71426, 12.7965 ], [ 92.71542, 12.79614 ] ] ], [ [ [ 92.7164, 12.79894 ], [ 92.71533, 12.80119 ], [ 92.71481, 12.79919 ], [ 92.7164, 12.79894 ] ] ], [ [ [ 92.71658, 12.80424 ], [ 92.71596, 12.8048 ], [ 92.71507, 12.80307 ], [ 92.71658, 12.80424 ] ] ], [ [ [ 74.72126, 13.27275 ], [ 74.7208, 13.27309 ], [ 74.72093, 13.27259 ], [ 74.72126, 13.27275 ] ] ], [ [ [ 74.70036, 13.27992 ], [ 74.70002, 13.28101 ], [ 74.69908, 13.2806 ], [ 74.70036, 13.27992 ] ] ], [ [ [ 74.70058, 13.28296 ], [ 74.70013, 13.28369 ], [ 74.69984, 13.28326 ], [ 74.70058, 13.28296 ] ] ], [ [ [ 92.70751, 12.83005 ], [ 92.6937, 12.79764 ], [ 92.71656, 12.71917 ], [ 92.7248, 12.74835 ], [ 92.71125, 12.77719 ], [ 92.70751, 12.83005 ] ] ], [ [ [ 92.72603, 12.83407 ], [ 92.72651, 12.83884 ], [ 92.72407, 12.83559 ], [ 92.72603, 12.83407 ] ] ], [ [ [ 92.72873, 12.85646 ], [ 92.72857, 12.85504 ], [ 92.72947, 12.85482 ], [ 92.72873, 12.85646 ] ] ], [ [ [ 92.76318, 12.85137 ], [ 92.76539, 12.83607 ], [ 92.76506, 12.84756 ], [ 92.76563, 12.84942 ], [ 92.76318, 12.85137 ] ] ], [ [ [ 92.72627, 12.86541 ], [ 92.71354, 12.85557 ], [ 92.71131, 12.83208 ], [ 92.71997, 12.84032 ], [ 92.72627, 12.86541 ] ] ], [ [ [ 74.6902, 13.3311 ], [ 74.69178, 13.33085 ], [ 74.69194, 13.33135 ], [ 74.6902, 13.3311 ] ] ], [ [ [ 74.69067, 13.33313 ], [ 74.69067, 13.33335 ], [ 74.6903, 13.33313 ], [ 74.69067, 13.33313 ] ] ], [ [ [ 92.76803, 12.86208 ], [ 92.78364, 12.82465 ], [ 92.78507, 12.83257 ], [ 92.78079, 12.84007 ], [ 92.76803, 12.86208 ] ] ], [ [ [ 74.68912, 13.33961 ], [ 74.68792, 13.34092 ], [ 74.68683, 13.33714 ], [ 74.68912, 13.33961 ] ] ], [ [ [ 92.76025, 12.86834 ], [ 92.7628, 12.85547 ], [ 92.7658, 12.8566 ], [ 92.76025, 12.86834 ] ] ], [ [ [ 74.68111, 13.34467 ], [ 74.68178, 13.34376 ], [ 74.68178, 13.34433 ], [ 74.68111, 13.34467 ] ] ], [ [ [ 74.68221, 13.345 ], [ 74.68195, 13.34499 ], [ 74.68195, 13.34483 ], [ 74.68221, 13.345 ] ] ], [ [ [ 74.68231, 13.34361 ], [ 74.68589, 13.34122 ], [ 74.68684, 13.34223 ], [ 74.68231, 13.34361 ] ] ], [ [ [ 92.75592, 12.87882 ], [ 92.75595, 12.8762 ], [ 92.75968, 12.87787 ], [ 92.75592, 12.87882 ] ] ], [ [ [ 74.6818, 13.34729 ], [ 74.68127, 13.3477 ], [ 74.68133, 13.34729 ], [ 74.6818, 13.34729 ] ] ], [ [ [ 74.68163, 13.34819 ], [ 74.68318, 13.3467 ], [ 74.68236, 13.34832 ], [ 74.68163, 13.34819 ] ] ], [ [ [ 74.68289, 13.36027 ], [ 74.68267, 13.36028 ], [ 74.68267, 13.3601 ], [ 74.68289, 13.36027 ] ] ], [ [ [ 74.68259, 13.36065 ], [ 74.68246, 13.36066 ], [ 74.68249, 13.36041 ], [ 74.68259, 13.36065 ] ] ], [ [ [ 92.83103, 12.88573 ], [ 92.83047, 12.88572 ], [ 92.83057, 12.88548 ], [ 92.83103, 12.88573 ] ] ], [ [ [ 92.83197, 12.88581 ], [ 92.83127, 12.88555 ], [ 92.83141, 12.88521 ], [ 92.83197, 12.88581 ] ] ], [ [ [ 74.68169, 13.36117 ], [ 74.68155, 13.36121 ], [ 74.68156, 13.36104 ], [ 74.68169, 13.36117 ] ] ], [ [ [ 92.83497, 12.88696 ], [ 92.83543, 12.88767 ], [ 92.83393, 12.88692 ], [ 92.83497, 12.88696 ] ] ], [ [ [ 92.78145, 12.89207 ], [ 92.78396, 12.88249 ], [ 92.78948, 12.88521 ], [ 92.78145, 12.89207 ] ] ], [ [ [ 74.67464, 13.37576 ], [ 74.67528, 13.37522 ], [ 74.67569, 13.37578 ], [ 74.67563, 13.3758 ], [ 74.67464, 13.37576 ] ] ], [ [ [ 74.67364, 13.3772 ], [ 74.67347, 13.3772 ], [ 74.67369, 13.37689 ], [ 74.67364, 13.3772 ] ] ], [ [ [ 74.67422, 13.37723 ], [ 74.67394, 13.37616 ], [ 74.67559, 13.37625 ], [ 74.67422, 13.37723 ] ] ], [ [ [ 74.67497, 13.3775 ], [ 74.67473, 13.37749 ], [ 74.67485, 13.37725 ], [ 74.67497, 13.3775 ] ] ], [ [ [ 92.8927, 12.89925 ], [ 92.89121, 12.89977 ], [ 92.89078, 12.8985 ], [ 92.8927, 12.89925 ] ] ], [ [ [ 92.74805, 12.8946 ], [ 92.75267, 12.88959 ], [ 92.75699, 12.90639 ], [ 92.74805, 12.8946 ] ] ], [ [ [ 74.67126, 13.3801 ], [ 74.67395, 13.37704 ], [ 74.67417, 13.38038 ], [ 74.67126, 13.3801 ] ] ], [ [ [ 74.68495, 13.38262 ], [ 74.68196, 13.38422 ], [ 74.68326, 13.38046 ], [ 74.68495, 13.38262 ] ] ], [ [ [ 92.87921, 12.90575 ], [ 92.87873, 12.90222 ], [ 92.88044, 12.90358 ], [ 92.87921, 12.90575 ] ] ], [ [ [ 92.76743, 12.91777 ], [ 92.76705, 12.91714 ], [ 92.76819, 12.91616 ], [ 92.76743, 12.91777 ] ] ], [ [ [ 92.79032, 12.91712 ], [ 92.77351, 12.90628 ], [ 92.79199, 12.89223 ], [ 92.79032, 12.91712 ] ] ], [ [ [ 92.87946, 12.91205 ], [ 92.87866, 12.91292 ], [ 92.87739, 12.91035 ], [ 92.87946, 12.91205 ] ] ], [ [ [ 92.86396, 12.91443 ], [ 92.86262, 12.91475 ], [ 92.8624, 12.91397 ], [ 92.86396, 12.91443 ] ] ], [ [ [ 92.67351, 12.93312 ], [ 92.67344, 12.93339 ], [ 92.67292, 12.93309 ], [ 92.67351, 12.93312 ] ] ], [ [ [ 92.67255, 12.93323 ], [ 92.67249, 12.93367 ], [ 92.67206, 12.93322 ], [ 92.67255, 12.93323 ] ] ], [ [ [ 92.76124, 12.92212 ], [ 92.76385, 12.91774 ], [ 92.76636, 12.92089 ], [ 92.76124, 12.92212 ] ] ], [ [ [ 92.76872, 12.9286 ], [ 92.77183, 12.91759 ], [ 92.77515, 12.9269 ], [ 92.76872, 12.9286 ] ] ], [ [ [ 92.92906, 12.91695 ], [ 92.93347, 12.91147 ], [ 92.93779, 12.91737 ], [ 92.92906, 12.91695 ] ] ], [ [ [ 92.75921, 12.93156 ], [ 92.76248, 12.92548 ], [ 92.76574, 12.92821 ], [ 92.75921, 12.93156 ] ] ], [ [ [ 92.89749, 12.92681 ], [ 92.90011, 12.90284 ], [ 92.86243, 12.86359 ], [ 92.84976, 12.87314 ], [ 92.85189, 12.86634 ], [ 92.84547, 12.86199 ], [ 92.85007, 12.845 ], [ 92.82841, 12.81006 ], [ 92.82764, 12.81033 ], [ 92.8267, 12.81403 ], [ 92.82703, 12.81627 ], [ 92.82806, 12.81704 ], [ 92.8291, 12.81723 ], [ 92.82886, 12.81889 ], [ 92.82344, 12.8231 ], [ 92.82594, 12.83099 ], [ 92.83625, 12.84711 ], [ 92.83819, 12.84445 ], [ 92.84138, 12.84638 ], [ 92.84554, 12.84596 ], [ 92.8475, 12.84773 ], [ 92.84878, 12.84697 ], [ 92.84864, 12.84496 ], [ 92.84956, 12.8451 ], [ 92.84506, 12.86222 ], [ 92.85108, 12.86632 ], [ 92.84814, 12.86707 ], [ 92.84671, 12.86933 ], [ 92.84971, 12.87399 ], [ 92.85268, 12.87354 ], [ 92.85388, 12.87711 ], [ 92.84451, 12.87483 ], [ 92.84278, 12.87193 ], [ 92.84371, 12.87091 ], [ 92.84256, 12.8685 ], [ 92.83838, 12.86418 ], [ 92.83974, 12.86139 ], [ 92.83635, 12.86586 ], [ 92.83886, 12.87152 ], [ 92.83933, 12.87225 ], [ 92.84069, 12.86982 ], [ 92.83989, 12.86812 ], [ 92.84145, 12.86805 ], [ 92.8432, 12.87051 ], [ 92.8424, 12.87195 ], [ 92.8444, 12.87513 ], [ 92.8477, 12.87607 ], [ 92.8396, 12.87668 ], [ 92.84069, 12.89161 ], [ 92.83413, 12.88568 ], [ 92.82975, 12.88462 ], [ 92.80884, 12.89749 ], [ 92.79079, 12.88994 ], [ 92.8044, 12.86107 ], [ 92.79301, 12.84451 ], [ 92.7818, 12.85998 ], [ 92.78567, 12.83292 ], [ 92.78207, 12.80918 ], [ 92.78921, 12.82886 ], [ 92.80063, 12.81283 ], [ 92.79467, 12.79367 ], [ 92.78042, 12.80505 ], [ 92.78383, 12.76215 ], [ 92.7727, 12.84256 ], [ 92.76554, 12.81884 ], [ 92.75344, 12.81894 ], [ 92.7561, 12.84679 ], [ 92.74258, 12.82066 ], [ 92.74183, 12.82186 ], [ 92.74032, 12.83648 ], [ 92.73912, 12.83702 ], [ 92.73774, 12.80439 ], [ 92.73531, 12.80725 ], [ 92.73053, 12.83625 ], [ 92.72207, 12.82523 ], [ 92.74584, 12.72282 ], [ 92.73196, 12.6726 ], [ 92.76939, 12.6731 ], [ 92.78302, 12.69241 ], [ 92.77578, 12.71838 ], [ 92.78181, 12.73369 ], [ 92.7616, 12.72281 ], [ 92.78125, 12.74038 ], [ 92.7897, 12.72547 ], [ 92.78698, 12.72641 ], [ 92.78369, 12.72461 ], [ 92.78097, 12.72537 ], [ 92.7871, 12.70278 ], [ 92.77908, 12.67102 ], [ 92.78599, 12.62452 ], [ 92.77893, 12.57998 ], [ 92.77645, 12.59047 ], [ 92.78438, 12.62397 ], [ 92.77882, 12.62964 ], [ 92.77849, 12.63789 ], [ 92.76187, 12.62442 ], [ 92.77315, 12.67039 ], [ 92.73283, 12.65711 ], [ 92.74766, 12.62046 ], [ 92.74411, 12.6192 ], [ 92.74274, 12.6192 ], [ 92.74086, 12.6197 ], [ 92.74032, 12.62039 ], [ 92.74003, 12.62237 ], [ 92.73566, 12.62537 ], [ 92.73492, 12.62725 ], [ 92.7333, 12.62407 ], [ 92.72748, 12.63616 ], [ 92.72244, 12.61536 ], [ 92.71993, 12.61841 ], [ 92.71824, 12.64433 ], [ 92.70259, 12.60479 ], [ 92.68398, 12.60905 ], [ 92.70737, 12.59401 ], [ 92.69513, 12.40041 ], [ 92.71948, 12.30034 ], [ 92.73876, 12.31497 ], [ 92.74261, 12.35946 ], [ 92.74918, 12.36562 ], [ 92.74669, 12.36117 ], [ 92.74293, 12.35931 ], [ 92.74854, 12.36016 ], [ 92.74966, 12.35885 ], [ 92.74987, 12.3559 ], [ 92.74645, 12.35239 ], [ 92.74372, 12.35344 ], [ 92.74745, 12.34981 ], [ 92.74774, 12.34442 ], [ 92.7436, 12.32653 ], [ 92.73413, 12.30243 ], [ 92.75281, 12.29609 ], [ 92.77043, 12.33376 ], [ 92.77206, 12.33291 ], [ 92.77211, 12.33214 ], [ 92.77105, 12.3306 ], [ 92.76952, 12.33031 ], [ 92.77078, 12.3293 ], [ 92.77051, 12.32788 ], [ 92.7716, 12.32776 ], [ 92.77198, 12.32735 ], [ 92.76949, 12.32068 ], [ 92.77867, 12.31307 ], [ 92.83145, 12.30268 ], [ 92.86012, 12.31916 ], [ 92.85676, 12.32821 ], [ 92.85469, 12.32661 ], [ 92.85136, 12.32596 ], [ 92.84837, 12.32808 ], [ 92.84744, 12.3258 ], [ 92.84553, 12.32886 ], [ 92.84282, 12.32646 ], [ 92.83186, 12.33554 ], [ 92.83195, 12.3357 ], [ 92.83571, 12.33434 ], [ 92.83716, 12.33264 ], [ 92.8394, 12.33277 ], [ 92.83931, 12.33131 ], [ 92.84109, 12.33158 ], [ 92.84186, 12.32972 ], [ 92.8431, 12.33004 ], [ 92.84292, 12.3279 ], [ 92.84188, 12.32791 ], [ 92.84255, 12.3268 ], [ 92.84547, 12.32926 ], [ 92.85421, 12.32684 ], [ 92.84789, 12.34348 ], [ 92.85706, 12.34521 ], [ 92.87144, 12.32997 ], [ 92.87953, 12.34485 ], [ 92.89897, 12.33376 ], [ 92.88333, 12.35703 ], [ 92.84461, 12.36317 ], [ 92.84358, 12.36486 ], [ 92.84592, 12.36453 ], [ 92.84577, 12.36371 ], [ 92.84463, 12.36368 ], [ 92.84539, 12.36311 ], [ 92.84666, 12.36388 ], [ 92.84626, 12.36545 ], [ 92.85082, 12.36762 ], [ 92.86106, 12.36944 ], [ 92.84233, 12.3918 ], [ 92.82308, 12.37422 ], [ 92.8384, 12.40863 ], [ 92.79913, 12.4008 ], [ 92.79966, 12.40432 ], [ 92.80134, 12.40591 ], [ 92.80177, 12.40594 ], [ 92.80245, 12.40475 ], [ 92.80331, 12.40456 ], [ 92.80416, 12.41174 ], [ 92.81575, 12.41699 ], [ 92.83394, 12.41048 ], [ 92.81497, 12.4249 ], [ 92.82963, 12.42826 ], [ 92.78724, 12.43709 ], [ 92.7982, 12.46407 ], [ 92.77187, 12.47104 ], [ 92.79097, 12.4691 ], [ 92.78542, 12.47468 ], [ 92.78661, 12.4839 ], [ 92.79, 12.48358 ], [ 92.79064, 12.48265 ], [ 92.79073, 12.48078 ], [ 92.78954, 12.47711 ], [ 92.78576, 12.47471 ], [ 92.79954, 12.46466 ], [ 92.79585, 12.43788 ], [ 92.80416, 12.44108 ], [ 92.81949, 12.43496 ], [ 92.81022, 12.44268 ], [ 92.81633, 12.44481 ], [ 92.81149, 12.44877 ], [ 92.81525, 12.45472 ], [ 92.81603, 12.45433 ], [ 92.816, 12.45072 ], [ 92.81709, 12.4519 ], [ 92.81766, 12.45199 ], [ 92.81824, 12.4513 ], [ 92.81821, 12.44905 ], [ 92.81612, 12.4468 ], [ 92.81211, 12.44832 ], [ 92.8168, 12.44466 ], [ 92.81076, 12.44286 ], [ 92.82015, 12.43706 ], [ 92.8215, 12.43408 ], [ 92.89926, 12.4168 ], [ 92.88453, 12.43611 ], [ 92.83939, 12.46446 ], [ 92.8348, 12.48016 ], [ 92.83326, 12.46948 ], [ 92.83155, 12.4693 ], [ 92.83031, 12.47056 ], [ 92.82994, 12.47207 ], [ 92.83063, 12.47454 ], [ 92.82908, 12.47162 ], [ 92.8256, 12.47199 ], [ 92.82517, 12.47294 ], [ 92.82556, 12.47329 ], [ 92.82873, 12.47168 ], [ 92.82945, 12.47471 ], [ 92.83357, 12.47539 ], [ 92.83157, 12.48013 ], [ 92.83177, 12.48105 ], [ 92.83342, 12.48152 ], [ 92.84084, 12.47639 ], [ 92.84051, 12.47139 ], [ 92.84239, 12.47931 ], [ 92.83487, 12.4858 ], [ 92.83398, 12.48847 ], [ 92.82447, 12.48217 ], [ 92.8158, 12.48681 ], [ 92.82261, 12.48531 ], [ 92.82462, 12.48289 ], [ 92.83287, 12.48926 ], [ 92.83414, 12.48876 ], [ 92.83559, 12.48659 ], [ 92.83687, 12.49125 ], [ 92.82253, 12.50002 ], [ 92.85515, 12.50976 ], [ 92.85114, 12.50213 ], [ 92.84218, 12.49711 ], [ 92.83817, 12.49738 ], [ 92.83549, 12.50064 ], [ 92.84326, 12.48034 ], [ 92.84319, 12.47077 ], [ 92.86878, 12.44616 ], [ 92.88041, 12.47133 ], [ 92.88158, 12.46978 ], [ 92.88185, 12.46873 ], [ 92.88135, 12.46815 ], [ 92.87895, 12.46754 ], [ 92.87892, 12.46691 ], [ 92.88314, 12.46653 ], [ 92.87869, 12.45806 ], [ 92.88379, 12.45853 ], [ 92.88622, 12.45648 ], [ 92.87701, 12.44509 ], [ 92.88361, 12.44246 ], [ 92.88884, 12.46375 ], [ 92.89896, 12.45109 ], [ 92.89566, 12.44786 ], [ 92.88992, 12.44787 ], [ 92.88445, 12.44176 ], [ 92.89704, 12.43849 ], [ 92.91078, 12.40539 ], [ 92.91239, 12.45057 ], [ 92.95784, 12.47271 ], [ 92.94991, 12.4762 ], [ 92.92156, 12.46484 ], [ 92.91945, 12.47275 ], [ 92.91547, 12.473 ], [ 92.91487, 12.47765 ], [ 92.91181, 12.47104 ], [ 92.90717, 12.46924 ], [ 92.90779, 12.46722 ], [ 92.9057, 12.47065 ], [ 92.91388, 12.47581 ], [ 92.91261, 12.47702 ], [ 92.91237, 12.47833 ], [ 92.90828, 12.47516 ], [ 92.90672, 12.47675 ], [ 92.90715, 12.47747 ], [ 92.90665, 12.47741 ], [ 92.90693, 12.47763 ], [ 92.90727, 12.4775 ], [ 92.9069, 12.47679 ], [ 92.90736, 12.47693 ], [ 92.90823, 12.47627 ], [ 92.90828, 12.47537 ], [ 92.90848, 12.4767 ], [ 92.90922, 12.47745 ], [ 92.91203, 12.4787 ], [ 92.91264, 12.4784 ], [ 92.91311, 12.47698 ], [ 92.91516, 12.47811 ], [ 92.91913, 12.47611 ], [ 92.91825, 12.4786 ], [ 92.92053, 12.47998 ], [ 92.91086, 12.48933 ], [ 92.91292, 12.49255 ], [ 92.91182, 12.49438 ], [ 92.91429, 12.50003 ], [ 92.91457, 12.50003 ], [ 92.91397, 12.49676 ], [ 92.91217, 12.49436 ], [ 92.91315, 12.49281 ], [ 92.91124, 12.48926 ], [ 92.92031, 12.48328 ], [ 92.92088, 12.47988 ], [ 92.91841, 12.47817 ], [ 92.91971, 12.47616 ], [ 92.91617, 12.47376 ], [ 92.92027, 12.47289 ], [ 92.92178, 12.46571 ], [ 92.92721, 12.49038 ], [ 92.96883, 12.49666 ], [ 92.9588, 12.61961 ], [ 92.92973, 12.61692 ], [ 92.94554, 12.63135 ], [ 92.9567, 12.62421 ], [ 92.96386, 12.7044 ], [ 92.98005, 12.7094 ], [ 92.96444, 12.72581 ], [ 92.94988, 12.77007 ], [ 92.93894, 12.76753 ], [ 92.92642, 12.77439 ], [ 92.95112, 12.79521 ], [ 92.94911, 12.83819 ], [ 92.92429, 12.82954 ], [ 92.93058, 12.81632 ], [ 92.92442, 12.80108 ], [ 92.92622, 12.81305 ], [ 92.92976, 12.81654 ], [ 92.92748, 12.81576 ], [ 92.92544, 12.81724 ], [ 92.92264, 12.82195 ], [ 92.92256, 12.82608 ], [ 92.92413, 12.82996 ], [ 92.9267, 12.8318 ], [ 92.92901, 12.83163 ], [ 92.92743, 12.8327 ], [ 92.93041, 12.8384 ], [ 92.9356, 12.8398 ], [ 92.94026, 12.83758 ], [ 92.94116, 12.85599 ], [ 92.90589, 12.88702 ], [ 92.92232, 12.91539 ], [ 92.89749, 12.92681 ] ] ], [ [ [ 92.67757, 12.94718 ], [ 92.6766, 12.94748 ], [ 92.6768, 12.94653 ], [ 92.67757, 12.94718 ] ] ], [ [ [ 92.67006, 12.9478 ], [ 92.67198, 12.94839 ], [ 92.67217, 12.9496 ], [ 92.67006, 12.9478 ] ] ], [ [ [ 92.67461, 12.94976 ], [ 92.67217, 12.94885 ], [ 92.67486, 12.94836 ], [ 92.67461, 12.94976 ] ] ], [ [ [ 92.66629, 12.95022 ], [ 92.66842, 12.94946 ], [ 92.66836, 12.95105 ], [ 92.66629, 12.95022 ] ] ], [ [ [ 92.667, 12.95182 ], [ 92.66816, 12.95149 ], [ 92.66817, 12.95182 ], [ 92.667, 12.95182 ] ] ], [ [ [ 92.66942, 12.95187 ], [ 92.66893, 12.95047 ], [ 92.67092, 12.95011 ], [ 92.66942, 12.95187 ] ] ], [ [ [ 92.88914, 12.93261 ], [ 92.88919, 12.93172 ], [ 92.89181, 12.93243 ], [ 92.88914, 12.93261 ] ] ], [ [ [ 92.66998, 12.9528 ], [ 92.66948, 12.95321 ], [ 92.66885, 12.95266 ], [ 92.66998, 12.9528 ] ] ], [ [ [ 92.85848, 12.93199 ], [ 92.86268, 12.91805 ], [ 92.88553, 12.92355 ], [ 92.85848, 12.93199 ] ] ], [ [ [ 92.66866, 12.95603 ], [ 92.66673, 12.95315 ], [ 92.66829, 12.95256 ], [ 92.66866, 12.95603 ] ] ], [ [ [ 92.88754, 12.93305 ], [ 92.89328, 12.93646 ], [ 92.89327, 12.93752 ], [ 92.88754, 12.93305 ] ] ], [ [ [ 92.89933, 12.94051 ], [ 92.8984, 12.94154 ], [ 92.89909, 12.94036 ], [ 92.89933, 12.94051 ] ] ], [ [ [ 92.90281, 12.93737 ], [ 92.90231, 12.94051 ], [ 92.89887, 12.94169 ], [ 92.90281, 12.93737 ] ] ], [ [ [ 92.89907, 12.9423 ], [ 92.90193, 12.94078 ], [ 92.90146, 12.94183 ], [ 92.89907, 12.9423 ] ] ], [ [ [ 92.89822, 12.94236 ], [ 92.89838, 12.94161 ], [ 92.89906, 12.94213 ], [ 92.89822, 12.94236 ] ] ], [ [ [ 92.87886, 12.96196 ], [ 92.87771, 12.9627 ], [ 92.87784, 12.96153 ], [ 92.87886, 12.96196 ] ] ], [ [ [ 92.88326, 12.96545 ], [ 92.88306, 12.9655 ], [ 92.88302, 12.96522 ], [ 92.88326, 12.96545 ] ] ], [ [ [ 92.88226, 12.96645 ], [ 92.8816, 12.96648 ], [ 92.88197, 12.96549 ], [ 92.88226, 12.96645 ] ] ], [ [ [ 74.66562, 13.45308 ], [ 74.665, 13.45318 ], [ 74.66455, 13.4526 ], [ 74.66562, 13.45308 ] ] ], [ [ [ 92.69482, 12.99135 ], [ 92.66971, 12.96611 ], [ 92.66806, 12.9572 ], [ 92.67949, 12.94854 ], [ 92.679, 12.94219 ], [ 92.64686, 12.86201 ], [ 92.66728, 12.78259 ], [ 92.68805, 12.81697 ], [ 92.67108, 12.83762 ], [ 92.6996, 12.84023 ], [ 92.71871, 12.87484 ], [ 92.7016, 12.87732 ], [ 92.70203, 12.87787 ], [ 92.70306, 12.87819 ], [ 92.70402, 12.87724 ], [ 92.70384, 12.88004 ], [ 92.70589, 12.88305 ], [ 92.70732, 12.88393 ], [ 92.71821, 12.88132 ], [ 92.72066, 12.8896 ], [ 92.71925, 12.98097 ], [ 92.69482, 12.99135 ] ] ], [ [ [ 92.8871, 12.97964 ], [ 92.88668, 12.9804 ], [ 92.88584, 12.9799 ], [ 92.8871, 12.97964 ] ] ], [ [ [ 92.8881, 12.98092 ], [ 92.88861, 12.98072 ], [ 92.88882, 12.98122 ], [ 92.8881, 12.98092 ] ] ], [ [ [ 92.89305, 12.98399 ], [ 92.89279, 12.98313 ], [ 92.89341, 12.98312 ], [ 92.89305, 12.98399 ] ] ], [ [ [ 92.97814, 12.98697 ], [ 92.97792, 12.98772 ], [ 92.97672, 12.98687 ], [ 92.97814, 12.98697 ] ] ], [ [ [ 92.83308, 13.00205 ], [ 92.83251, 13.00279 ], [ 92.83086, 13.00138 ], [ 92.83308, 13.00205 ] ] ], [ [ [ 92.97394, 12.99374 ], [ 92.97385, 12.99383 ], [ 92.97379, 12.9937 ], [ 92.97394, 12.99374 ] ] ], [ [ [ 92.97335, 12.99449 ], [ 92.97288, 12.99442 ], [ 92.97285, 12.99416 ], [ 92.97335, 12.99449 ] ] ], [ [ [ 92.78748, 13.01174 ], [ 92.78624, 13.01153 ], [ 92.78673, 13.01084 ], [ 92.78748, 13.01174 ] ] ], [ [ [ 92.78446, 13.0135 ], [ 92.78447, 13.01314 ], [ 92.78474, 13.01322 ], [ 92.78446, 13.0135 ] ] ], [ [ [ 92.9704, 12.99956 ], [ 92.97022, 12.99952 ], [ 92.97031, 12.99913 ], [ 92.9704, 12.99956 ] ] ], [ [ [ 93.00736, 12.99919 ], [ 92.972, 12.97025 ], [ 92.95783, 12.98949 ], [ 92.95371, 12.95792 ], [ 92.97259, 12.94639 ], [ 92.9532, 12.93428 ], [ 92.98207, 12.93203 ], [ 93.00736, 12.99919 ] ] ], [ [ [ 92.98601, 13.00105 ], [ 92.98567, 12.99789 ], [ 92.98821, 12.99838 ], [ 92.98601, 13.00105 ] ] ], [ [ [ 92.94838, 13.02468 ], [ 92.94419, 13.02556 ], [ 92.94796, 13.01949 ], [ 92.94838, 13.02468 ] ] ], [ [ [ 92.93134, 13.02844 ], [ 92.93048, 13.02928 ], [ 92.93025, 13.02772 ], [ 92.93134, 13.02844 ] ] ], [ [ [ 92.91347, 13.01098 ], [ 92.9416, 12.99417 ], [ 92.94234, 13.01925 ], [ 92.91347, 13.01098 ] ] ], [ [ [ 92.78565, 13.05545 ], [ 92.7855, 13.05568 ], [ 92.78528, 13.05526 ], [ 92.78565, 13.05545 ] ] ], [ [ [ 92.78796, 13.06091 ], [ 92.78748, 13.06051 ], [ 92.78782, 13.06025 ], [ 92.78796, 13.06091 ] ] ], [ [ [ 92.93311, 13.0515 ], [ 92.9312, 13.05447 ], [ 92.93023, 13.05116 ], [ 92.93311, 13.0515 ] ] ], [ [ [ 92.79506, 13.07602 ], [ 92.79535, 13.07638 ], [ 92.7949, 13.07697 ], [ 92.79451, 13.07588 ], [ 92.79506, 13.07602 ] ] ], [ [ [ 92.91577, 13.06321 ], [ 92.91307, 13.0673 ], [ 92.91879, 13.05422 ], [ 92.91577, 13.06321 ] ] ], [ [ [ 92.91435, 13.0684 ], [ 92.91318, 13.069 ], [ 92.91294, 13.06839 ], [ 92.91435, 13.0684 ] ] ], [ [ [ 92.91079, 13.07608 ], [ 92.90949, 13.07629 ], [ 92.90986, 13.075 ], [ 92.91079, 13.07608 ] ] ], [ [ [ 92.73102, 13.09383 ], [ 92.73136, 13.09578 ], [ 92.72813, 13.09389 ], [ 92.73102, 13.09383 ] ] ], [ [ [ 92.71939, 13.09869 ], [ 92.69512, 13.09722 ], [ 92.69959, 13.07025 ], [ 92.70601, 13.07086 ], [ 92.71939, 13.09869 ] ] ], [ [ [ 92.79288, 13.09339 ], [ 92.79267, 13.09266 ], [ 92.79333, 13.0925 ], [ 92.79288, 13.09339 ] ] ], [ [ [ 92.79279, 13.09412 ], [ 92.79293, 13.09364 ], [ 92.7933, 13.09388 ], [ 92.79279, 13.09412 ] ] ], [ [ [ 92.84076, 13.14335 ], [ 92.84058, 13.14395 ], [ 92.84005, 13.14361 ], [ 92.84076, 13.14335 ] ] ], [ [ [ 92.80871, 13.14928 ], [ 92.80857, 13.1499 ], [ 92.80768, 13.14808 ], [ 92.80871, 13.14928 ] ] ], [ [ [ 92.80722, 13.15291 ], [ 92.80639, 13.15284 ], [ 92.80646, 13.15243 ], [ 92.80722, 13.15291 ] ] ], [ [ [ 92.80336, 13.153 ], [ 92.8042, 13.1522 ], [ 92.80475, 13.15251 ], [ 92.80336, 13.153 ] ] ], [ [ [ 92.8098, 13.16326 ], [ 92.80955, 13.164 ], [ 92.80928, 13.16313 ], [ 92.8098, 13.16326 ] ] ], [ [ [ 92.80954, 13.1674 ], [ 92.80922, 13.16701 ], [ 92.81043, 13.16645 ], [ 92.80954, 13.1674 ] ] ], [ [ [ 92.8099, 13.16853 ], [ 92.81061, 13.16873 ], [ 92.81038, 13.16898 ], [ 92.8099, 13.16853 ] ] ], [ [ [ 92.7961, 13.17073 ], [ 92.79314, 13.1714 ], [ 92.79246, 13.16935 ], [ 92.7961, 13.17073 ] ] ], [ [ [ 92.79154, 13.17128 ], [ 92.79187, 13.17091 ], [ 92.79258, 13.17124 ], [ 92.79154, 13.17128 ] ] ], [ [ [ 74.65139, 13.6554 ], [ 74.65118, 13.65535 ], [ 74.65123, 13.65518 ], [ 74.65139, 13.6554 ] ] ], [ [ [ 74.65148, 13.65609 ], [ 74.65131, 13.65627 ], [ 74.65118, 13.656 ], [ 74.65148, 13.65609 ] ] ], [ [ [ 74.65232, 13.65767 ], [ 74.65198, 13.65763 ], [ 74.65199, 13.65695 ], [ 74.65232, 13.65767 ] ] ], [ [ [ 74.65257, 13.65899 ], [ 74.65221, 13.65938 ], [ 74.65207, 13.65828 ], [ 74.65257, 13.65899 ] ] ], [ [ [ 92.75535, 13.2017 ], [ 92.75527, 13.20271 ], [ 92.75454, 13.20202 ], [ 92.75535, 13.2017 ] ] ], [ [ [ 74.63836, 13.67755 ], [ 74.6384, 13.67783 ], [ 74.63796, 13.67735 ], [ 74.63836, 13.67755 ] ] ], [ [ [ 74.64234, 13.68033 ], [ 74.6426, 13.68011 ], [ 74.6429, 13.68046 ], [ 74.64234, 13.68033 ] ] ], [ [ [ 74.64334, 13.68128 ], [ 74.64297, 13.68128 ], [ 74.643, 13.68101 ], [ 74.64334, 13.68128 ] ] ], [ [ [ 92.82273, 13.2082 ], [ 92.82249, 13.20694 ], [ 92.82601, 13.20872 ], [ 92.82273, 13.2082 ] ] ], [ [ [ 92.82662, 13.21124 ], [ 92.82553, 13.21129 ], [ 92.8262, 13.20921 ], [ 92.82662, 13.21124 ] ] ], [ [ [ 92.82868, 13.21088 ], [ 92.82771, 13.21165 ], [ 92.82783, 13.21033 ], [ 92.82868, 13.21088 ] ] ], [ [ [ 74.63678, 13.68468 ], [ 74.63658, 13.68516 ], [ 74.63586, 13.68491 ], [ 74.63678, 13.68468 ] ] ], [ [ [ 74.62458, 13.6856 ], [ 74.62417, 13.68555 ], [ 74.62418, 13.68521 ], [ 74.62458, 13.6856 ] ] ], [ [ [ 93.05832, 13.22701 ], [ 93.05624, 13.22691 ], [ 93.06104, 13.21985 ], [ 93.05832, 13.22701 ] ] ], [ [ [ 93.0619, 13.22703 ], [ 93.06153, 13.2274 ], [ 93.06137, 13.22673 ], [ 93.0619, 13.22703 ] ] ], [ [ [ 93.06096, 13.22769 ], [ 93.05971, 13.22833 ], [ 93.0591, 13.22705 ], [ 93.06096, 13.22769 ] ] ], [ [ [ 92.83938, 13.24887 ], [ 92.83918, 13.24916 ], [ 92.83869, 13.2489 ], [ 92.83938, 13.24887 ] ] ], [ [ [ 92.84041, 13.24972 ], [ 92.83986, 13.25 ], [ 92.83951, 13.2491 ], [ 92.84041, 13.24972 ] ] ], [ [ [ 93.04786, 13.26328 ], [ 93.04874, 13.26214 ], [ 93.04953, 13.2629 ], [ 93.04786, 13.26328 ] ] ], [ [ [ 92.80033, 13.28603 ], [ 92.80009, 13.2869 ], [ 92.79976, 13.28578 ], [ 92.80033, 13.28603 ] ] ], [ [ [ 92.79363, 13.28808 ], [ 92.79294, 13.28801 ], [ 92.793, 13.28712 ], [ 92.79363, 13.28808 ] ] ], [ [ [ 92.81307, 13.28714 ], [ 92.81676, 13.28162 ], [ 92.8192, 13.28571 ], [ 92.81307, 13.28714 ] ] ], [ [ [ 93.06802, 13.26682 ], [ 93.06794, 13.26717 ], [ 93.06757, 13.26694 ], [ 93.06802, 13.26682 ] ] ], [ [ [ 93.06839, 13.26759 ], [ 93.06806, 13.26747 ], [ 93.06804, 13.26721 ], [ 93.06839, 13.26759 ] ] ], [ [ [ 93.06818, 13.26815 ], [ 93.06785, 13.26803 ], [ 93.06783, 13.26777 ], [ 93.06818, 13.26815 ] ] ], [ [ [ 93.06969, 13.2669 ], [ 93.0699, 13.26807 ], [ 93.06949, 13.26794 ], [ 93.06969, 13.2669 ] ] ], [ [ [ 93.0685, 13.26889 ], [ 93.06833, 13.26903 ], [ 93.06818, 13.26878 ], [ 93.0685, 13.26889 ] ] ], [ [ [ 93.071, 13.27283 ], [ 93.07087, 13.27294 ], [ 93.07072, 13.27273 ], [ 93.071, 13.27283 ] ] ], [ [ [ 93.07054, 13.273 ], [ 93.07041, 13.27316 ], [ 93.07027, 13.27295 ], [ 93.07054, 13.273 ] ] ], [ [ [ 93.07011, 13.2733 ], [ 93.06991, 13.27336 ], [ 93.06982, 13.27307 ], [ 93.07011, 13.2733 ] ] ], [ [ [ 93.07114, 13.27355 ], [ 93.07108, 13.27362 ], [ 93.07091, 13.27325 ], [ 93.07114, 13.27355 ] ] ], [ [ [ 93.07069, 13.27373 ], [ 93.07056, 13.2738 ], [ 93.07051, 13.27349 ], [ 93.07069, 13.27373 ] ] ], [ [ [ 93.07171, 13.27406 ], [ 93.07137, 13.27393 ], [ 93.07135, 13.27368 ], [ 93.07171, 13.27406 ] ] ], [ [ [ 93.07041, 13.27384 ], [ 93.07031, 13.27424 ], [ 93.07008, 13.27402 ], [ 93.07041, 13.27384 ] ] ], [ [ [ 93.07118, 13.2742 ], [ 93.07101, 13.27434 ], [ 93.07086, 13.27409 ], [ 93.07118, 13.2742 ] ] ], [ [ [ 93.07083, 13.27473 ], [ 93.07074, 13.27508 ], [ 93.07037, 13.27485 ], [ 93.07083, 13.27473 ] ] ], [ [ [ 92.81722, 13.29871 ], [ 92.81667, 13.29912 ], [ 92.81612, 13.2985 ], [ 92.81722, 13.29871 ] ] ], [ [ [ 93.03258, 13.28068 ], [ 93.03125, 13.28045 ], [ 93.03207, 13.27953 ], [ 93.03258, 13.28068 ] ] ], [ [ [ 93.01341, 13.2848 ], [ 93.01535, 13.28306 ], [ 93.01651, 13.28502 ], [ 93.01341, 13.2848 ] ] ], [ [ [ 74.62895, 13.77656 ], [ 74.62866, 13.77666 ], [ 74.62872, 13.77647 ], [ 74.62895, 13.77656 ] ] ], [ [ [ 93.02139, 13.29451 ], [ 93.02133, 13.29474 ], [ 93.02097, 13.29454 ], [ 93.02139, 13.29451 ] ] ], [ [ [ 93.02191, 13.29522 ], [ 93.0219, 13.29531 ], [ 93.02145, 13.29522 ], [ 93.02191, 13.29522 ] ] ], [ [ [ 92.9851, 13.30001 ], [ 92.98314, 13.29937 ], [ 92.98309, 13.29849 ], [ 92.9851, 13.30001 ] ] ], [ [ [ 93.04918, 13.29611 ], [ 93.04469, 13.29417 ], [ 93.04852, 13.29322 ], [ 93.04918, 13.29611 ] ] ], [ [ [ 93.08016, 13.29513 ], [ 93.07974, 13.29498 ], [ 93.0798, 13.29486 ], [ 93.08016, 13.29513 ] ] ], [ [ [ 93.07586, 13.29546 ], [ 93.07577, 13.29581 ], [ 93.07558, 13.29576 ], [ 93.07586, 13.29546 ] ] ], [ [ [ 93.07607, 13.29557 ], [ 93.0762, 13.29556 ], [ 93.07645, 13.29583 ], [ 93.07607, 13.29557 ] ] ], [ [ [ 93.0776, 13.29574 ], [ 93.07752, 13.29602 ], [ 93.0773, 13.29588 ], [ 93.0776, 13.29574 ] ] ], [ [ [ 93.07819, 13.29567 ], [ 93.07807, 13.29604 ], [ 93.07783, 13.29589 ], [ 93.07819, 13.29567 ] ] ], [ [ [ 93.07696, 13.29588 ], [ 93.07684, 13.29616 ], [ 93.07668, 13.29582 ], [ 93.07696, 13.29588 ] ] ], [ [ [ 93.07587, 13.29627 ], [ 93.07567, 13.29593 ], [ 93.07601, 13.29593 ], [ 93.07587, 13.29627 ] ] ], [ [ [ 93.07863, 13.29617 ], [ 93.07849, 13.29634 ], [ 93.07838, 13.29612 ], [ 93.07863, 13.29617 ] ] ], [ [ [ 93.07611, 13.29658 ], [ 93.07593, 13.29654 ], [ 93.07605, 13.29624 ], [ 93.07611, 13.29658 ] ] ], [ [ [ 93.0777, 13.29621 ], [ 93.07764, 13.29649 ], [ 93.07743, 13.29642 ], [ 93.0777, 13.29621 ] ] ], [ [ [ 93.07877, 13.29678 ], [ 93.07862, 13.29687 ], [ 93.0785, 13.29658 ], [ 93.07877, 13.29678 ] ] ], [ [ [ 93.08213, 13.29739 ], [ 93.08193, 13.29752 ], [ 93.08178, 13.29707 ], [ 93.08213, 13.29739 ] ] ], [ [ [ 93.08003, 13.29778 ], [ 93.07993, 13.29793 ], [ 93.0797, 13.29753 ], [ 93.08003, 13.29778 ] ] ], [ [ [ 93.08056, 13.29839 ], [ 93.08054, 13.29815 ], [ 93.08079, 13.29809 ], [ 93.08056, 13.29839 ] ] ], [ [ [ 93.08144, 13.29868 ], [ 93.08146, 13.29892 ], [ 93.08112, 13.29873 ], [ 93.08144, 13.29868 ] ] ], [ [ [ 93.08212, 13.2999 ], [ 93.08201, 13.30001 ], [ 93.08191, 13.29964 ], [ 93.08212, 13.2999 ] ] ], [ [ [ 93.08259, 13.30009 ], [ 93.08233, 13.30024 ], [ 93.08231, 13.2999 ], [ 93.08259, 13.30009 ] ] ], [ [ [ 93.083, 13.3003 ], [ 93.08283, 13.30033 ], [ 93.08283, 13.30015 ], [ 93.083, 13.3003 ] ] ], [ [ [ 93.02181, 13.31523 ], [ 93.0216, 13.31533 ], [ 93.02156, 13.31503 ], [ 93.02181, 13.31523 ] ] ], [ [ [ 93.02237, 13.31586 ], [ 93.02218, 13.31599 ], [ 93.02208, 13.31574 ], [ 93.02237, 13.31586 ] ] ], [ [ [ 93.0222, 13.31644 ], [ 93.02206, 13.3166 ], [ 93.02188, 13.31636 ], [ 93.0222, 13.31644 ] ] ], [ [ [ 93.02152, 13.31841 ], [ 93.02133, 13.31846 ], [ 93.02127, 13.31815 ], [ 93.02152, 13.31841 ] ] ], [ [ [ 93.00783, 13.32089 ], [ 92.99487, 13.29759 ], [ 92.99696, 13.30018 ], [ 92.99795, 13.30051 ], [ 93.00022, 13.3002 ], [ 93.00047, 13.30304 ], [ 93.00215, 13.3043 ], [ 93.01283, 13.30287 ], [ 93.00783, 13.32089 ] ] ], [ [ [ 92.99721, 13.32215 ], [ 92.99434, 13.31895 ], [ 93.00022, 13.31624 ], [ 92.99721, 13.32215 ] ] ], [ [ [ 93.01385, 13.30872 ], [ 93.0212, 13.3016 ], [ 93.02314, 13.30758 ], [ 93.0198, 13.31646 ], [ 93.01385, 13.30872 ] ] ], [ [ [ 92.96392, 13.33542 ], [ 92.96609, 13.3328 ], [ 92.96751, 13.33298 ], [ 92.96392, 13.33542 ] ] ], [ [ [ 93.00702, 13.33682 ], [ 93.00661, 13.33508 ], [ 93.00829, 13.33575 ], [ 93.00702, 13.33682 ] ] ], [ [ [ 74.61574, 13.82741 ], [ 74.61549, 13.82721 ], [ 74.61557, 13.82714 ], [ 74.61574, 13.82741 ] ] ], [ [ [ 93.01499, 13.33821 ], [ 93.01508, 13.3393 ], [ 93.01294, 13.33859 ], [ 93.01499, 13.33821 ] ] ], [ [ [ 74.61498, 13.8281 ], [ 74.61501, 13.82817 ], [ 74.61465, 13.82821 ], [ 74.61498, 13.8281 ] ] ], [ [ [ 74.61545, 13.82833 ], [ 74.61517, 13.82842 ], [ 74.61511, 13.82817 ], [ 74.61545, 13.82833 ] ] ], [ [ [ 93.01578, 13.34325 ], [ 93.01743, 13.33667 ], [ 93.02014, 13.33811 ], [ 93.01578, 13.34325 ] ] ], [ [ [ 93.03857, 13.34337 ], [ 93.03809, 13.34448 ], [ 93.03531, 13.34279 ], [ 93.03857, 13.34337 ] ] ], [ [ [ 92.82982, 13.36894 ], [ 92.82924, 13.36937 ], [ 92.82891, 13.36862 ], [ 92.82982, 13.36894 ] ] ], [ [ [ 93.03614, 13.36133 ], [ 93.03497, 13.36148 ], [ 93.03528, 13.36092 ], [ 93.03614, 13.36133 ] ] ], [ [ [ 93.04033, 13.36652 ], [ 93.0402, 13.36815 ], [ 93.03613, 13.36414 ], [ 93.04033, 13.36652 ] ] ], [ [ [ 93.08093, 13.36642 ], [ 93.08064, 13.36631 ], [ 93.08067, 13.36616 ], [ 93.08093, 13.36642 ] ] ], [ [ [ 93.07211, 13.36557 ], [ 93.07659, 13.36257 ], [ 93.07734, 13.36383 ], [ 93.07211, 13.36557 ] ] ], [ [ [ 93.0814, 13.36649 ], [ 93.08134, 13.36664 ], [ 93.08108, 13.36647 ], [ 93.0814, 13.36649 ] ] ], [ [ [ 93.08083, 13.36689 ], [ 93.08064, 13.36686 ], [ 93.08064, 13.36666 ], [ 93.08083, 13.36689 ] ] ], [ [ [ 93.08232, 13.36747 ], [ 93.08201, 13.36743 ], [ 93.082, 13.3673 ], [ 93.08232, 13.36747 ] ] ], [ [ [ 93.08287, 13.36859 ], [ 93.0817, 13.37027 ], [ 93.07922, 13.36827 ], [ 93.08287, 13.36859 ] ] ], [ [ [ 93.03602, 13.37463 ], [ 93.03468, 13.3746 ], [ 93.03482, 13.37401 ], [ 93.03602, 13.37463 ] ] ], [ [ [ 93.0473, 13.37357 ], [ 93.03634, 13.37062 ], [ 93.04036, 13.36907 ], [ 93.04078, 13.36533 ], [ 93.0473, 13.37357 ] ] ], [ [ [ 93.0457, 13.37585 ], [ 93.04513, 13.37603 ], [ 93.04516, 13.37552 ], [ 93.0457, 13.37585 ] ] ], [ [ [ 93.04485, 13.37618 ], [ 93.04438, 13.37657 ], [ 93.04408, 13.37611 ], [ 93.04485, 13.37618 ] ] ], [ [ [ 93.07799, 13.37665 ], [ 93.07778, 13.37681 ], [ 93.07761, 13.37652 ], [ 93.07799, 13.37665 ] ] ], [ [ [ 93.08006, 13.37701 ], [ 93.07993, 13.37706 ], [ 93.07969, 13.37677 ], [ 93.08006, 13.37701 ] ] ], [ [ [ 93.07732, 13.37731 ], [ 93.07701, 13.37737 ], [ 93.07706, 13.37713 ], [ 93.07732, 13.37731 ] ] ], [ [ [ 93.07784, 13.37737 ], [ 93.07758, 13.37746 ], [ 93.07755, 13.37721 ], [ 93.07784, 13.37737 ] ] ], [ [ [ 93.07902, 13.37775 ], [ 93.07803, 13.37723 ], [ 93.07922, 13.3761 ], [ 93.07902, 13.37775 ] ] ], [ [ [ 93.05376, 13.38307 ], [ 93.04962, 13.36522 ], [ 93.03843, 13.36189 ], [ 93.04477, 13.34744 ], [ 93.03841, 13.32222 ], [ 93.05847, 13.32889 ], [ 93.07806, 13.29629 ], [ 93.08806, 13.34604 ], [ 93.05376, 13.38307 ] ] ], [ [ [ 93.05941, 13.38555 ], [ 93.06081, 13.38249 ], [ 93.0669, 13.38594 ], [ 93.05941, 13.38555 ] ] ], [ [ [ 74.53922, 13.88775 ], [ 74.53908, 13.88784 ], [ 74.53914, 13.88757 ], [ 74.53922, 13.88775 ] ] ], [ [ [ 93.08328, 13.39648 ], [ 93.08304, 13.39659 ], [ 93.08299, 13.39623 ], [ 93.08328, 13.39648 ] ] ], [ [ [ 74.58135, 13.89 ], [ 74.58108, 13.88994 ], [ 74.58114, 13.88964 ], [ 74.58135, 13.89 ] ] ], [ [ [ 74.53883, 13.88869 ], [ 74.53848, 13.88876 ], [ 74.53856, 13.88861 ], [ 74.53883, 13.88869 ] ] ], [ [ [ 93.0826, 13.39795 ], [ 93.08209, 13.39836 ], [ 93.08164, 13.39656 ], [ 93.0826, 13.39795 ] ] ], [ [ [ 92.84723, 13.41974 ], [ 92.84678, 13.42038 ], [ 92.84604, 13.41957 ], [ 92.84723, 13.41974 ] ] ], [ [ [ 92.86298, 13.4216 ], [ 92.86154, 13.42245 ], [ 92.86118, 13.42125 ], [ 92.86298, 13.4216 ] ] ], [ [ [ 92.81079, 13.43203 ], [ 92.80945, 13.39996 ], [ 92.81758, 13.40399 ], [ 92.81079, 13.43203 ] ] ], [ [ [ 93.09207, 13.42266 ], [ 93.0858, 13.4161 ], [ 93.09021, 13.40678 ], [ 93.09326, 13.41992 ], [ 93.09207, 13.42266 ] ] ], [ [ [ 92.84338, 13.43821 ], [ 92.82418, 13.43963 ], [ 92.82081, 13.42062 ], [ 92.83869, 13.42074 ], [ 92.84338, 13.43821 ] ] ], [ [ [ 93.06553, 13.42264 ], [ 93.06963, 13.41258 ], [ 93.07134, 13.41334 ], [ 93.06553, 13.42264 ] ] ], [ [ [ 93.07425, 13.43314 ], [ 93.07342, 13.43337 ], [ 93.07307, 13.43248 ], [ 93.07425, 13.43314 ] ] ], [ [ [ 93.07695, 13.43379 ], [ 93.07575, 13.43331 ], [ 93.07649, 13.43196 ], [ 93.07695, 13.43379 ] ] ], [ [ [ 93.08755, 13.4321 ], [ 93.08715, 13.43311 ], [ 93.08659, 13.43237 ], [ 93.08755, 13.4321 ] ] ], [ [ [ 92.86981, 13.45389 ], [ 92.86975, 13.45422 ], [ 92.86931, 13.45382 ], [ 92.86981, 13.45389 ] ] ], [ [ [ 92.87104, 13.45506 ], [ 92.87063, 13.45513 ], [ 92.87049, 13.45465 ], [ 92.87104, 13.45506 ] ] ], [ [ [ 93.09579, 13.43141 ], [ 93.10442, 13.42911 ], [ 93.10433, 13.43565 ], [ 93.09579, 13.43141 ] ] ], [ [ [ 92.86691, 13.46266 ], [ 92.86713, 13.46428 ], [ 92.86437, 13.46341 ], [ 92.86691, 13.46266 ] ] ], [ [ [ 74.52614, 13.97373 ], [ 74.52576, 13.97366 ], [ 74.52581, 13.97337 ], [ 74.52614, 13.97373 ] ] ], [ [ [ 74.52417, 13.97517 ], [ 74.52381, 13.97525 ], [ 74.52392, 13.97483 ], [ 74.52417, 13.97517 ] ] ], [ [ [ 74.50912, 13.98181 ], [ 74.50904, 13.98181 ], [ 74.50903, 13.98163 ], [ 74.50912, 13.98181 ] ] ], [ [ [ 74.50987, 13.98195 ], [ 74.50979, 13.98208 ], [ 74.50959, 13.98189 ], [ 74.50987, 13.98195 ] ] ], [ [ [ 74.50939, 13.98213 ], [ 74.50924, 13.9822 ], [ 74.50922, 13.98204 ], [ 74.50939, 13.98213 ] ] ], [ [ [ 92.86735, 13.51277 ], [ 92.86511, 13.50313 ], [ 92.87251, 13.50176 ], [ 92.86735, 13.51277 ] ] ], [ [ [ 92.90504, 13.52106 ], [ 92.90511, 13.51997 ], [ 92.90666, 13.5203 ], [ 92.90504, 13.52106 ] ] ], [ [ [ 74.50561, 13.99769 ], [ 74.50532, 13.99777 ], [ 74.50545, 13.99744 ], [ 74.50561, 13.99769 ] ] ], [ [ [ 74.506, 13.999 ], [ 74.5059, 13.99913 ], [ 74.50566, 13.99901 ], [ 74.506, 13.999 ] ] ], [ [ [ 74.50689, 13.99947 ], [ 74.50677, 14.00012 ], [ 74.50637, 13.99963 ], [ 74.50689, 13.99947 ] ] ], [ [ [ 74.5058, 14.00093 ], [ 74.50536, 14.001 ], [ 74.50571, 14.00075 ], [ 74.5058, 14.00093 ] ] ], [ [ [ 92.98406, 13.52969 ], [ 92.98456, 13.5284 ], [ 92.98521, 13.52937 ], [ 92.98406, 13.52969 ] ] ], [ [ [ 74.47977, 14.01024 ], [ 74.47912, 14.00833 ], [ 74.48243, 14.0072 ], [ 74.47977, 14.01024 ] ] ], [ [ [ 92.87327, 13.5383 ], [ 92.8757, 13.53528 ], [ 92.87772, 13.53821 ], [ 92.87327, 13.5383 ] ] ], [ [ [ 92.90306, 13.53515 ], [ 92.90452, 13.52939 ], [ 92.91198, 13.53385 ], [ 92.90306, 13.53515 ] ] ], [ [ [ 92.97827, 13.53664 ], [ 92.97766, 13.53655 ], [ 92.97793, 13.53552 ], [ 92.97827, 13.53664 ] ] ], [ [ [ 74.3236, 14.01071 ], [ 74.32327, 14.011 ], [ 74.32272, 14.01064 ], [ 74.3236, 14.01071 ] ] ], [ [ [ 74.49198, 14.01798 ], [ 74.49154, 14.01764 ], [ 74.4918, 14.0175 ], [ 74.49198, 14.01798 ] ] ], [ [ [ 92.91652, 13.54283 ], [ 92.91439, 13.5442 ], [ 92.91303, 13.54223 ], [ 92.91652, 13.54283 ] ] ], [ [ [ 92.98639, 13.53413 ], [ 92.97839, 13.53076 ], [ 92.98383, 13.52895 ], [ 92.98382, 13.5298 ], [ 92.98434, 13.53029 ], [ 92.98543, 13.52973 ], [ 92.98639, 13.53413 ] ] ], [ [ [ 74.48876, 14.0198 ], [ 74.48786, 14.01969 ], [ 74.48823, 14.01931 ], [ 74.48876, 14.0198 ] ] ], [ [ [ 74.48704, 14.02458 ], [ 74.48435, 14.0226 ], [ 74.48645, 14.02258 ], [ 74.48704, 14.02458 ] ] ], [ [ [ 74.48566, 14.02537 ], [ 74.48565, 14.02546 ], [ 74.48552, 14.02547 ], [ 74.48566, 14.02537 ] ] ], [ [ [ 74.32482, 14.02029 ], [ 74.32487, 14.01432 ], [ 74.32959, 14.01578 ], [ 74.32482, 14.02029 ] ] ], [ [ [ 93.05076, 13.56547 ], [ 93.05288, 13.55891 ], [ 93.05564, 13.56213 ], [ 93.05076, 13.56547 ] ] ], [ [ [ 92.99822, 13.57068 ], [ 93.0, 13.56861 ], [ 93.00231, 13.5707 ], [ 92.99822, 13.57068 ] ] ], [ [ [ 92.98357, 13.57803 ], [ 92.98345, 13.57812 ], [ 92.98332, 13.57773 ], [ 92.98357, 13.57803 ] ] ], [ [ [ 92.81604, 13.18348 ], [ 92.8346, 13.17529 ], [ 92.83748, 13.1622 ], [ 92.84829, 13.16293 ], [ 92.84918, 13.16112 ], [ 92.84867, 13.16125 ], [ 92.84834, 13.16278 ], [ 92.84725, 13.1618 ], [ 92.84441, 13.16087 ], [ 92.83716, 13.16199 ], [ 92.82636, 13.17502 ], [ 92.81934, 13.16213 ], [ 92.81416, 13.17473 ], [ 92.80793, 13.15379 ], [ 92.84843, 13.15022 ], [ 92.84722, 13.11815 ], [ 92.80848, 13.12728 ], [ 92.82934, 13.10885 ], [ 92.82058, 13.09121 ], [ 92.80558, 13.10092 ], [ 92.81412, 13.07231 ], [ 92.79765, 13.08148 ], [ 92.80082, 13.09135 ], [ 92.79284, 13.09198 ], [ 92.79676, 13.06799 ], [ 92.79171, 13.05335 ], [ 92.79923, 13.04339 ], [ 92.78796, 13.01955 ], [ 92.81431, 13.00685 ], [ 92.81277, 13.02185 ], [ 92.83714, 13.02307 ], [ 92.83531, 13.01874 ], [ 92.82929, 13.01524 ], [ 92.82596, 13.01675 ], [ 92.82281, 13.0074 ], [ 92.83311, 13.00472 ], [ 92.84198, 12.99138 ], [ 92.80702, 12.99901 ], [ 92.82208, 12.97717 ], [ 92.79937, 12.99185 ], [ 92.78998, 12.96093 ], [ 92.80136, 12.89973 ], [ 92.8426, 12.89219 ], [ 92.84227, 12.87692 ], [ 92.87282, 12.88366 ], [ 92.84001, 12.94991 ], [ 92.85128, 12.96102 ], [ 92.87067, 12.93559 ], [ 92.88305, 13.00551 ], [ 92.89058, 12.9973 ], [ 92.8862, 12.98246 ], [ 92.89621, 12.99531 ], [ 92.90613, 12.98357 ], [ 92.91046, 12.94531 ], [ 92.93938, 12.9688 ], [ 92.93303, 12.99129 ], [ 92.91839, 12.98728 ], [ 92.91281, 13.00483 ], [ 92.90142, 13.00201 ], [ 92.89427, 13.01111 ], [ 92.89658, 13.0111 ], [ 92.89648, 13.00951 ], [ 92.89767, 13.01105 ], [ 92.89981, 13.00968 ], [ 92.89775, 13.00805 ], [ 92.9015, 13.00637 ], [ 92.90159, 13.00244 ], [ 92.91047, 13.00752 ], [ 92.89534, 13.01808 ], [ 92.91458, 13.05553 ], [ 92.8971, 13.05815 ], [ 92.88651, 13.0439 ], [ 92.87258, 13.04352 ], [ 92.87006, 13.0548 ], [ 92.86356, 13.04365 ], [ 92.86028, 13.0656 ], [ 92.84359, 13.05089 ], [ 92.85803, 13.0799 ], [ 92.88578, 13.04536 ], [ 92.89506, 13.05866 ], [ 92.91214, 13.06679 ], [ 92.8732, 13.10346 ], [ 92.88149, 13.1084 ], [ 92.88876, 13.10793 ], [ 92.87299, 13.14908 ], [ 92.87717, 13.14991 ], [ 92.89229, 13.10331 ], [ 92.89242, 13.10076 ], [ 92.88711, 13.09334 ], [ 92.89886, 13.09551 ], [ 92.90087, 13.08187 ], [ 92.91223, 13.07998 ], [ 92.92259, 13.05349 ], [ 92.93455, 13.0606 ], [ 92.93359, 13.10929 ], [ 92.9457, 13.12372 ], [ 92.93927, 13.13998 ], [ 92.94122, 13.14553 ], [ 92.94329, 13.13975 ], [ 92.9421, 13.13956 ], [ 92.94038, 13.14074 ], [ 92.93975, 13.14013 ], [ 92.94445, 13.13391 ], [ 92.94614, 13.12351 ], [ 92.93936, 13.08857 ], [ 92.94559, 13.08966 ], [ 92.93729, 13.06545 ], [ 92.95673, 13.06564 ], [ 92.9332, 13.04224 ], [ 92.95964, 13.01423 ], [ 93.00344, 13.02816 ], [ 93.03433, 13.08142 ], [ 93.03175, 13.17858 ], [ 93.0658, 13.27378 ], [ 93.04371, 13.25427 ], [ 93.03974, 13.26977 ], [ 93.04572, 13.28275 ], [ 93.03355, 13.27761 ], [ 93.02535, 13.28257 ], [ 93.01109, 13.27682 ], [ 93.01202, 13.29559 ], [ 93.02101, 13.29677 ], [ 93.00253, 13.30391 ], [ 93.00084, 13.29873 ], [ 92.99504, 13.29712 ], [ 92.98636, 13.29916 ], [ 92.9972, 13.29019 ], [ 93.0, 13.28085 ], [ 92.9944, 13.27977 ], [ 92.99251, 13.29211 ], [ 92.98106, 13.28125 ], [ 92.97386, 13.28191 ], [ 92.97836, 13.28381 ], [ 92.98063, 13.28153 ], [ 92.98167, 13.28829 ], [ 92.98429, 13.28721 ], [ 92.98616, 13.2915 ], [ 92.99055, 13.29191 ], [ 92.99024, 13.29288 ], [ 92.98628, 13.29528 ], [ 92.98466, 13.29767 ], [ 92.98289, 13.2984 ], [ 92.9827, 13.29923 ], [ 92.99697, 13.31489 ], [ 92.94843, 13.31738 ], [ 92.9479, 13.31874 ], [ 92.94947, 13.32119 ], [ 92.96118, 13.32308 ], [ 92.95191, 13.32694 ], [ 92.9454, 13.35102 ], [ 92.97304, 13.35934 ], [ 92.98416, 13.32802 ], [ 92.99919, 13.35049 ], [ 93.03144, 13.3439 ], [ 93.03433, 13.3744 ], [ 92.97963, 13.37992 ], [ 92.99921, 13.39595 ], [ 93.00365, 13.39239 ], [ 93.01288, 13.3773 ], [ 93.04192, 13.38196 ], [ 93.04704, 13.37461 ], [ 93.05112, 13.3898 ], [ 93.0685, 13.39663 ], [ 93.06106, 13.42147 ], [ 93.04633, 13.40456 ], [ 93.03904, 13.42791 ], [ 92.98909, 13.42741 ], [ 92.99652, 13.44106 ], [ 93.0366, 13.44129 ], [ 93.00511, 13.46328 ], [ 93.03372, 13.46586 ], [ 93.04317, 13.50491 ], [ 93.02733, 13.5794 ], [ 93.01052, 13.54866 ], [ 92.98209, 13.56944 ], [ 93.0, 13.52391 ], [ 92.99984, 13.52339 ], [ 92.99576, 13.52442 ], [ 92.99541, 13.5199 ], [ 92.99057, 13.51788 ], [ 92.99201, 13.52202 ], [ 92.98621, 13.52302 ], [ 92.98703, 13.52769 ], [ 92.97964, 13.52698 ], [ 92.96521, 13.54998 ], [ 92.91355, 13.5351 ], [ 92.91444, 13.52043 ], [ 92.93803, 13.53159 ], [ 92.94517, 13.52008 ], [ 92.94427, 13.51946 ], [ 92.94387, 13.51976 ], [ 92.94325, 13.52316 ], [ 92.94181, 13.52183 ], [ 92.94046, 13.522 ], [ 92.94003, 13.52321 ], [ 92.94133, 13.52584 ], [ 92.93943, 13.52467 ], [ 92.93612, 13.52718 ], [ 92.93291, 13.52025 ], [ 92.92615, 13.52162 ], [ 92.92716, 13.51468 ], [ 92.91326, 13.51236 ], [ 92.93481, 13.50002 ], [ 92.9304, 13.4952 ], [ 92.92748, 13.4977 ], [ 92.93282, 13.48102 ], [ 92.92762, 13.47513 ], [ 92.93222, 13.47186 ], [ 92.92037, 13.45502 ], [ 92.91837, 13.4565 ], [ 92.9185, 13.46111 ], [ 92.92016, 13.46281 ], [ 92.91557, 13.46347 ], [ 92.91958, 13.46382 ], [ 92.92079, 13.46305 ], [ 92.9187, 13.46788 ], [ 92.92106, 13.47235 ], [ 92.93182, 13.48074 ], [ 92.92469, 13.48079 ], [ 92.9249, 13.49892 ], [ 92.90186, 13.49629 ], [ 92.89822, 13.46515 ], [ 92.86887, 13.474 ], [ 92.87422, 13.45964 ], [ 92.87083, 13.44513 ], [ 92.89899, 13.42876 ], [ 92.89858, 13.42616 ], [ 92.89001, 13.42306 ], [ 92.87321, 13.43636 ], [ 92.8745, 13.40207 ], [ 92.89679, 13.41261 ], [ 92.89943, 13.4028 ], [ 92.88897, 13.39485 ], [ 92.89313, 13.39593 ], [ 92.89901, 13.39111 ], [ 92.89873, 13.38914 ], [ 92.90396, 13.39434 ], [ 92.90725, 13.38267 ], [ 92.92477, 13.39021 ], [ 92.91598, 13.38241 ], [ 92.90598, 13.38238 ], [ 92.90234, 13.38753 ], [ 92.90291, 13.38994 ], [ 92.89848, 13.38854 ], [ 92.89863, 13.39104 ], [ 92.89495, 13.39174 ], [ 92.89389, 13.39478 ], [ 92.88908, 13.3942 ], [ 92.88576, 13.39804 ], [ 92.8857, 13.36722 ], [ 92.87917, 13.39111 ], [ 92.88013, 13.39301 ], [ 92.88257, 13.39387 ], [ 92.88271, 13.39508 ], [ 92.87893, 13.39613 ], [ 92.87299, 13.40239 ], [ 92.87048, 13.41399 ], [ 92.84206, 13.40965 ], [ 92.84042, 13.38845 ], [ 92.86974, 13.39068 ], [ 92.85436, 13.35918 ], [ 92.85158, 13.35873 ], [ 92.84999, 13.35937 ], [ 92.84788, 13.36345 ], [ 92.84935, 13.37781 ], [ 92.83002, 13.36909 ], [ 92.82046, 13.31085 ], [ 92.84082, 13.3012 ], [ 92.8111, 13.27083 ], [ 92.8704, 13.25831 ], [ 92.86885, 13.2546 ], [ 92.86239, 13.25294 ], [ 92.86047, 13.25411 ], [ 92.85945, 13.2565 ], [ 92.85802, 13.25226 ], [ 92.85467, 13.25406 ], [ 92.85513, 13.25059 ], [ 92.85017, 13.26217 ], [ 92.83902, 13.2459 ], [ 92.8425, 13.24082 ], [ 92.85152, 13.23966 ], [ 92.85484, 13.23396 ], [ 92.85602, 13.21964 ], [ 92.84894, 13.20839 ], [ 92.85461, 13.20969 ], [ 92.86212, 13.2066 ], [ 92.86381, 13.19608 ], [ 92.85573, 13.19054 ], [ 92.86051, 13.19203 ], [ 92.86312, 13.18483 ], [ 92.86167, 13.18429 ], [ 92.86091, 13.18552 ], [ 92.86043, 13.19174 ], [ 92.85828, 13.18767 ], [ 92.85661, 13.18824 ], [ 92.85538, 13.19074 ], [ 92.85608, 13.19516 ], [ 92.85717, 13.19622 ], [ 92.86293, 13.19647 ], [ 92.85913, 13.19937 ], [ 92.85822, 13.20077 ], [ 92.86124, 13.20638 ], [ 92.85848, 13.20613 ], [ 92.85419, 13.20905 ], [ 92.8499, 13.20749 ], [ 92.84832, 13.20808 ], [ 92.84781, 13.21273 ], [ 92.85519, 13.21947 ], [ 92.85224, 13.22186 ], [ 92.85042, 13.23863 ], [ 92.82551, 13.23717 ], [ 92.82248, 13.21671 ], [ 92.832, 13.21544 ], [ 92.81604, 13.18348 ] ] ], [ [ [ 93.00422, 13.58472 ], [ 93.00342, 13.58495 ], [ 93.00362, 13.5844 ], [ 93.00422, 13.58472 ] ] ], [ [ [ 94.26511, 13.46335 ], [ 94.23945, 13.44775 ], [ 94.2453, 13.43286 ], [ 94.26495, 13.44342 ], [ 94.26511, 13.46335 ] ] ], [ [ [ 92.88539, 13.59761 ], [ 92.88333, 13.57421 ], [ 92.90393, 13.59447 ], [ 92.88539, 13.59761 ] ] ], [ [ [ 74.47847, 14.08237 ], [ 74.47844, 14.08217 ], [ 74.47881, 14.08205 ], [ 74.47847, 14.08237 ] ] ], [ [ [ 74.47153, 14.084 ], [ 74.47165, 14.08424 ], [ 74.47024, 14.08452 ], [ 74.47153, 14.084 ] ] ], [ [ [ 74.47964, 14.08768 ], [ 74.47998, 14.08717 ], [ 74.48099, 14.08691 ], [ 74.48061, 14.08728 ], [ 74.47964, 14.08768 ] ] ], [ [ [ 93.0148, 13.63227 ], [ 93.0144, 13.62933 ], [ 93.0152, 13.62977 ], [ 93.0148, 13.63227 ] ] ], [ [ [ 93.01392, 13.63502 ], [ 93.01348, 13.63517 ], [ 93.01283, 13.63309 ], [ 93.01392, 13.63502 ] ] ], [ [ [ 93.01037, 13.63885 ], [ 93.01008, 13.63885 ], [ 93.01035, 13.63849 ], [ 93.01037, 13.63885 ] ] ], [ [ [ 93.03523, 13.64304 ], [ 93.03484, 13.64365 ], [ 93.03424, 13.64205 ], [ 93.03523, 13.64304 ] ] ], [ [ [ 93.03467, 13.64518 ], [ 93.03474, 13.64687 ], [ 93.03332, 13.64545 ], [ 93.03467, 13.64518 ] ] ], [ [ [ 93.04269, 13.64269 ], [ 93.04613, 13.61984 ], [ 93.06825, 13.65071 ], [ 93.04269, 13.64269 ] ] ], [ [ [ 93.03175, 13.6623 ], [ 93.03111, 13.66271 ], [ 93.03106, 13.66228 ], [ 93.03175, 13.6623 ] ] ], [ [ [ 93.0302, 13.66344 ], [ 93.02975, 13.66361 ], [ 93.02976, 13.66334 ], [ 93.0302, 13.66344 ] ] ], [ [ [ 93.10854, 13.65628 ], [ 93.10804, 13.65651 ], [ 93.10799, 13.65578 ], [ 93.10854, 13.65628 ] ] ], [ [ [ 93.10623, 13.6581 ], [ 93.10592, 13.65823 ], [ 93.10574, 13.65773 ], [ 93.10623, 13.6581 ] ] ], [ [ [ 93.11068, 13.65778 ], [ 93.1105, 13.65796 ], [ 93.11035, 13.65745 ], [ 93.11068, 13.65778 ] ] ], [ [ [ 93.10786, 13.6612 ], [ 93.10735, 13.66165 ], [ 93.10732, 13.66074 ], [ 93.10786, 13.6612 ] ] ], [ [ [ 93.02725, 13.67138 ], [ 93.02686, 13.67143 ], [ 93.02692, 13.67097 ], [ 93.02725, 13.67138 ] ] ], [ [ [ 93.01549, 13.67696 ], [ 92.97132, 13.64966 ], [ 93.01336, 13.64334 ], [ 93.01931, 13.62209 ], [ 93.03257, 13.63122 ], [ 93.01549, 13.67696 ] ] ], [ [ [ 74.40228, 14.31567 ], [ 74.39776, 14.31291 ], [ 74.40083, 14.31207 ], [ 74.40228, 14.31567 ] ] ], [ [ [ 74.38716, 14.41835 ], [ 74.38656, 14.4173 ], [ 74.38798, 14.41707 ], [ 74.38716, 14.41835 ] ] ], [ [ [ 74.31909, 14.51721 ], [ 74.31894, 14.51738 ], [ 74.31883, 14.51697 ], [ 74.31909, 14.51721 ] ] ], [ [ [ 74.31964, 14.51913 ], [ 74.31943, 14.51924 ], [ 74.31932, 14.51912 ], [ 74.31964, 14.51913 ] ] ], [ [ [ 74.30965, 14.52589 ], [ 74.30953, 14.52625 ], [ 74.30866, 14.52604 ], [ 74.30965, 14.52589 ] ] ], [ [ [ 74.27307, 14.6249 ], [ 74.27289, 14.62498 ], [ 74.27285, 14.62465 ], [ 74.27307, 14.6249 ] ] ], [ [ [ 74.27363, 14.63688 ], [ 74.27355, 14.63705 ], [ 74.27324, 14.63683 ], [ 74.27363, 14.63688 ] ] ], [ [ [ 74.27683, 14.66135 ], [ 74.27581, 14.66072 ], [ 74.27684, 14.66032 ], [ 74.27683, 14.66135 ] ] ], [ [ [ 74.25431, 14.70429 ], [ 74.25409, 14.70435 ], [ 74.25403, 14.70421 ], [ 74.25431, 14.70429 ] ] ], [ [ [ 74.25272, 14.70471 ], [ 74.2521, 14.70479 ], [ 74.25218, 14.70454 ], [ 74.25272, 14.70471 ] ] ], [ [ [ 74.23863, 14.71137 ], [ 74.23772, 14.70927 ], [ 74.24013, 14.70873 ], [ 74.23863, 14.71137 ] ] ], [ [ [ 74.25692, 14.72253 ], [ 74.25469, 14.7247 ], [ 74.25416, 14.72168 ], [ 74.25692, 14.72253 ] ] ], [ [ [ 74.14919, 14.72478 ], [ 74.14857, 14.72521 ], [ 74.14851, 14.72504 ], [ 74.14919, 14.72478 ] ] ], [ [ [ 74.14698, 14.72648 ], [ 74.14586, 14.7254 ], [ 74.1485, 14.72523 ], [ 74.14698, 14.72648 ] ] ], [ [ [ 74.16517, 14.73512 ], [ 74.16461, 14.73531 ], [ 74.1641, 14.73405 ], [ 74.16517, 14.73512 ] ] ], [ [ [ 74.22927, 14.74084 ], [ 74.22917, 14.74083 ], [ 74.22918, 14.74073 ], [ 74.22927, 14.74084 ] ] ], [ [ [ 74.15808, 14.73873 ], [ 74.15339, 14.74221 ], [ 74.15239, 14.74002 ], [ 74.15808, 14.73873 ] ] ], [ [ [ 74.12891, 14.75749 ], [ 74.12976, 14.75828 ], [ 74.12955, 14.75849 ], [ 74.12891, 14.75749 ] ] ], [ [ [ 74.14561, 14.76309 ], [ 74.13844, 14.76086 ], [ 74.14325, 14.75831 ], [ 74.14561, 14.76309 ] ] ], [ [ [ 74.10876, 14.7636 ], [ 74.10666, 14.76369 ], [ 74.10707, 14.75577 ], [ 74.10876, 14.7636 ] ] ], [ [ [ 74.08723, 14.79289 ], [ 74.08692, 14.79307 ], [ 74.08679, 14.79279 ], [ 74.08723, 14.79289 ] ] ], [ [ [ 74.08635, 14.79548 ], [ 74.08858, 14.79354 ], [ 74.0891, 14.79529 ], [ 74.08635, 14.79548 ] ] ], [ [ [ 74.05484, 14.81699 ], [ 74.05433, 14.81632 ], [ 74.05712, 14.81543 ], [ 74.05484, 14.81699 ] ] ], [ [ [ 74.07217, 14.82013 ], [ 74.07179, 14.8201 ], [ 74.07192, 14.81996 ], [ 74.07217, 14.82013 ] ] ], [ [ [ 74.07181, 14.81954 ], [ 74.07029, 14.82 ], [ 74.07158, 14.81886 ], [ 74.07181, 14.81954 ] ] ], [ [ [ 74.06748, 14.82037 ], [ 74.06721, 14.82034 ], [ 74.06736, 14.82022 ], [ 74.06748, 14.82037 ] ] ], [ [ [ 74.06668, 14.82017 ], [ 74.06655, 14.8204 ], [ 74.06626, 14.82008 ], [ 74.06668, 14.82017 ] ] ], [ [ [ 74.06232, 14.821 ], [ 74.0625, 14.81944 ], [ 74.06579, 14.81973 ], [ 74.06232, 14.821 ] ] ], [ [ [ 74.05671, 14.82043 ], [ 74.05748, 14.819 ], [ 74.06162, 14.82001 ], [ 74.05671, 14.82043 ] ] ], [ [ [ 74.09369, 14.83849 ], [ 74.09348, 14.83596 ], [ 74.09571, 14.83727 ], [ 74.09369, 14.83849 ] ] ], [ [ [ 74.10797, 14.84254 ], [ 74.11305, 14.84234 ], [ 74.11165, 14.84523 ], [ 74.10797, 14.84254 ] ] ], [ [ [ 74.09734, 14.84259 ], [ 74.10091, 14.84155 ], [ 74.10143, 14.84483 ], [ 74.09734, 14.84259 ] ] ], [ [ [ 74.09677, 14.84781 ], [ 74.09787, 14.84782 ], [ 74.09774, 14.84807 ], [ 74.09677, 14.84781 ] ] ], [ [ [ 74.10703, 14.86571 ], [ 74.10627, 14.86528 ], [ 74.10661, 14.86484 ], [ 74.10703, 14.86571 ] ] ], [ [ [ 74.10192, 14.87825 ], [ 74.10002, 14.87675 ], [ 74.10173, 14.8763 ], [ 74.10192, 14.87825 ] ] ], [ [ [ 74.09471, 14.87782 ], [ 74.09467, 14.87631 ], [ 74.09631, 14.8768 ], [ 74.09471, 14.87782 ] ] ], [ [ [ 74.09481, 14.88033 ], [ 74.09415, 14.87999 ], [ 74.0944, 14.87967 ], [ 74.09481, 14.88033 ] ] ], [ [ [ 74.09237, 14.88069 ], [ 74.09221, 14.88069 ], [ 74.09223, 14.88051 ], [ 74.09237, 14.88069 ] ] ], [ [ [ 74.0939, 14.88105 ], [ 74.09377, 14.88111 ], [ 74.09375, 14.88096 ], [ 74.0939, 14.88105 ] ] ], [ [ [ 74.0942, 14.88117 ], [ 74.09405, 14.88124 ], [ 74.09402, 14.88111 ], [ 74.0942, 14.88117 ] ] ], [ [ [ 74.09351, 14.88155 ], [ 74.09331, 14.88157 ], [ 74.09332, 14.88142 ], [ 74.09351, 14.88155 ] ] ], [ [ [ 74.09282, 14.88199 ], [ 74.09344, 14.88312 ], [ 74.09219, 14.88246 ], [ 74.09282, 14.88199 ] ] ], [ [ [ 74.06503, 14.89208 ], [ 74.06488, 14.89272 ], [ 74.06356, 14.8922 ], [ 74.06503, 14.89208 ] ] ], [ [ [ 74.01408, 15.00817 ], [ 74.01174, 15.00857 ], [ 74.01258, 15.00628 ], [ 74.01408, 15.00817 ] ] ], [ [ [ 73.7604, 15.34415 ], [ 73.76035, 15.34429 ], [ 73.76007, 15.34418 ], [ 73.7604, 15.34415 ] ] ], [ [ [ 73.76665, 15.34891 ], [ 73.76661, 15.34902 ], [ 73.76623, 15.34878 ], [ 73.76665, 15.34891 ] ] ], [ [ [ 73.77375, 15.34933 ], [ 73.77333, 15.34919 ], [ 73.77362, 15.34912 ], [ 73.77375, 15.34933 ] ] ], [ [ [ 73.77578, 15.34953 ], [ 73.77585, 15.34965 ], [ 73.77541, 15.3495 ], [ 73.77578, 15.34953 ] ] ], [ [ [ 73.77658, 15.34979 ], [ 73.77643, 15.34981 ], [ 73.77638, 15.34971 ], [ 73.77658, 15.34979 ] ] ], [ [ [ 73.78315, 15.35006 ], [ 73.78304, 15.35011 ], [ 73.78299, 15.34995 ], [ 73.78315, 15.35006 ] ] ], [ [ [ 73.7638, 15.34926 ], [ 73.76373, 15.34907 ], [ 73.76435, 15.34882 ], [ 73.7638, 15.34926 ] ] ], [ [ [ 73.77339, 15.34975 ], [ 73.77301, 15.34977 ], [ 73.77315, 15.34962 ], [ 73.77339, 15.34975 ] ] ], [ [ [ 73.77463, 15.34983 ], [ 73.77411, 15.34977 ], [ 73.77418, 15.34963 ], [ 73.77463, 15.34983 ] ] ], [ [ [ 73.77125, 15.34946 ], [ 73.77217, 15.34958 ], [ 73.77206, 15.34964 ], [ 73.77125, 15.34946 ] ] ], [ [ [ 73.77105, 15.34977 ], [ 73.77064, 15.34971 ], [ 73.77068, 15.3496 ], [ 73.77105, 15.34977 ] ] ], [ [ [ 73.78515, 15.35173 ], [ 73.7848, 15.35169 ], [ 73.78482, 15.35159 ], [ 73.78515, 15.35173 ] ] ], [ [ [ 73.7685, 15.35203 ], [ 73.76846, 15.35214 ], [ 73.76815, 15.35189 ], [ 73.7685, 15.35203 ] ] ], [ [ [ 73.76911, 15.3535 ], [ 73.76908, 15.35359 ], [ 73.76889, 15.35345 ], [ 73.76911, 15.3535 ] ] ], [ [ [ 73.76159, 15.35175 ], [ 73.7673, 15.35147 ], [ 73.76502, 15.35206 ], [ 73.76159, 15.35175 ] ] ], [ [ [ 73.77262, 15.35223 ], [ 73.76881, 15.35199 ], [ 73.78234, 15.34912 ], [ 73.77262, 15.35223 ] ] ], [ [ [ 73.77637, 15.35472 ], [ 73.77628, 15.35483 ], [ 73.7762, 15.35472 ], [ 73.77637, 15.35472 ] ] ], [ [ [ 73.7747, 15.35496 ], [ 73.77464, 15.35503 ], [ 73.77446, 15.35491 ], [ 73.7747, 15.35496 ] ] ], [ [ [ 73.79336, 15.37607 ], [ 73.79662, 15.37312 ], [ 73.79893, 15.37679 ], [ 73.79336, 15.37607 ] ] ], [ [ [ 73.77436, 15.4002 ], [ 73.77362, 15.40028 ], [ 73.77371, 15.39975 ], [ 73.77436, 15.4002 ] ] ], [ [ [ 73.67122, 15.72883 ], [ 73.67119, 15.72902 ], [ 73.67097, 15.7289 ], [ 73.67122, 15.72883 ] ] ], [ [ [ 73.64867, 15.73117 ], [ 73.64851, 15.73134 ], [ 73.64826, 15.73108 ], [ 73.64867, 15.73117 ] ] ], [ [ [ 73.65332, 15.74643 ], [ 73.65229, 15.74621 ], [ 73.65241, 15.74593 ], [ 73.65332, 15.74643 ] ] ], [ [ [ 73.64983, 15.74662 ], [ 73.64902, 15.74604 ], [ 73.65157, 15.74609 ], [ 73.64983, 15.74662 ] ] ], [ [ [ 73.64296, 15.74746 ], [ 73.64263, 15.74733 ], [ 73.64269, 15.74709 ], [ 73.64296, 15.74746 ] ] ], [ [ [ 73.65381, 15.7485 ], [ 73.65332, 15.74873 ], [ 73.65349, 15.74812 ], [ 73.65381, 15.7485 ] ] ], [ [ [ 73.45798, 15.88742 ], [ 73.45788, 15.88752 ], [ 73.45772, 15.88731 ], [ 73.45798, 15.88742 ] ] ], [ [ [ 73.45927, 15.88711 ], [ 73.45876, 15.88763 ], [ 73.45854, 15.88726 ], [ 73.45927, 15.88711 ] ] ], [ [ [ 73.46188, 15.88972 ], [ 73.46391, 15.88685 ], [ 73.46444, 15.88793 ], [ 73.46188, 15.88972 ] ] ], [ [ [ 73.45665, 15.88815 ], [ 73.4553, 15.88981 ], [ 73.45499, 15.88881 ], [ 73.45665, 15.88815 ] ] ], [ [ [ 73.46718, 15.89419 ], [ 73.4667, 15.89452 ], [ 73.46655, 15.89394 ], [ 73.46718, 15.89419 ] ] ], [ [ [ 73.46646, 15.89563 ], [ 73.46617, 15.89569 ], [ 73.4661, 15.89534 ], [ 73.46646, 15.89563 ] ] ], [ [ [ 73.46556, 15.89532 ], [ 73.4653, 15.89573 ], [ 73.46521, 15.89522 ], [ 73.46556, 15.89532 ] ] ], [ [ [ 73.46702, 15.89842 ], [ 73.46656, 15.89862 ], [ 73.46665, 15.89826 ], [ 73.46702, 15.89842 ] ] ], [ [ [ 73.46563, 15.89942 ], [ 73.46498, 15.8996 ], [ 73.46544, 15.89911 ], [ 73.46563, 15.89942 ] ] ], [ [ [ 73.47196, 15.90491 ], [ 73.4718, 15.9048 ], [ 73.47191, 15.90468 ], [ 73.47196, 15.90491 ] ] ], [ [ [ 73.4672, 15.90491 ], [ 73.46718, 15.9051 ], [ 73.46669, 15.9048 ], [ 73.4672, 15.90491 ] ] ], [ [ [ 73.57884, 15.91015 ], [ 73.5785, 15.91004 ], [ 73.57867, 15.9099 ], [ 73.57884, 15.91015 ] ] ], [ [ [ 73.47313, 15.91453 ], [ 73.47299, 15.9148 ], [ 73.47242, 15.91428 ], [ 73.47313, 15.91453 ] ] ], [ [ [ 73.46614, 15.92552 ], [ 73.46583, 15.92572 ], [ 73.46562, 15.92503 ], [ 73.46614, 15.92552 ] ] ], [ [ [ 73.46667, 15.92655 ], [ 73.46629, 15.92685 ], [ 73.46604, 15.92638 ], [ 73.46667, 15.92655 ] ] ], [ [ [ 73.46341, 15.92987 ], [ 73.46282, 15.93061 ], [ 73.46282, 15.92963 ], [ 73.46341, 15.92987 ] ] ], [ [ [ 73.46304, 15.93146 ], [ 73.46298, 15.93149 ], [ 73.46294, 15.93146 ], [ 73.46304, 15.93146 ] ] ], [ [ [ 73.46339, 15.93169 ], [ 73.46442, 15.93177 ], [ 73.46389, 15.93263 ], [ 73.46339, 15.93169 ] ] ], [ [ [ 73.47926, 15.97085 ], [ 73.47899, 15.97076 ], [ 73.47901, 15.97052 ], [ 73.47926, 15.97085 ] ] ], [ [ [ 73.47998, 15.97134 ], [ 73.47992, 15.97181 ], [ 73.4795, 15.9709 ], [ 73.47998, 15.97134 ] ] ], [ [ [ 73.47965, 15.9723 ], [ 73.4793, 15.97245 ], [ 73.47907, 15.97201 ], [ 73.47965, 15.9723 ] ] ], [ [ [ 73.45923, 15.98586 ], [ 73.45841, 15.98545 ], [ 73.4587, 15.98516 ], [ 73.45923, 15.98586 ] ] ], [ [ [ 73.45987, 15.98656 ], [ 73.45953, 15.98674 ], [ 73.45937, 15.98635 ], [ 73.45987, 15.98656 ] ] ], [ [ [ 73.46115, 15.9868 ], [ 73.46066, 15.98716 ], [ 73.4603, 15.98651 ], [ 73.46115, 15.9868 ] ] ], [ [ [ 73.45896, 15.98691 ], [ 73.45848, 15.98702 ], [ 73.45843, 15.98667 ], [ 73.45896, 15.98691 ] ] ], [ [ [ 73.45657, 15.98751 ], [ 73.45644, 15.98773 ], [ 73.45626, 15.98758 ], [ 73.45657, 15.98751 ] ] ], [ [ [ 73.46361, 15.98899 ], [ 73.46328, 15.98921 ], [ 73.46307, 15.98879 ], [ 73.46361, 15.98899 ] ] ], [ [ [ 73.47598, 15.9916 ], [ 73.47536, 15.9913 ], [ 73.47555, 15.99098 ], [ 73.47598, 15.9916 ] ] ], [ [ [ 73.46473, 15.99109 ], [ 73.46428, 15.99115 ], [ 73.46432, 15.99071 ], [ 73.46473, 15.99109 ] ] ], [ [ [ 73.46408, 15.99232 ], [ 73.46454, 15.9913 ], [ 73.46479, 15.99158 ], [ 73.46408, 15.99232 ] ] ], [ [ [ 73.4716, 15.99371 ], [ 73.4711, 15.9939 ], [ 73.47087, 15.99341 ], [ 73.4716, 15.99371 ] ] ], [ [ [ 73.47223, 15.99414 ], [ 73.47197, 15.99421 ], [ 73.47194, 15.99384 ], [ 73.47223, 15.99414 ] ] ], [ [ [ 73.45693, 15.99367 ], [ 73.45664, 15.99374 ], [ 73.45651, 15.99338 ], [ 73.45693, 15.99367 ] ] ], [ [ [ 73.47098, 15.99436 ], [ 73.47053, 15.99442 ], [ 73.47058, 15.99397 ], [ 73.47098, 15.99436 ] ] ], [ [ [ 73.47029, 15.99435 ], [ 73.46984, 15.9944 ], [ 73.46991, 15.99396 ], [ 73.47029, 15.99435 ] ] ], [ [ [ 73.45631, 15.99387 ], [ 73.4559, 15.9939 ], [ 73.4559, 15.99356 ], [ 73.45631, 15.99387 ] ] ], [ [ [ 73.45553, 15.99387 ], [ 73.45513, 15.99392 ], [ 73.45513, 15.99356 ], [ 73.45553, 15.99387 ] ] ], [ [ [ 73.45766, 15.99408 ], [ 73.4573, 15.99402 ], [ 73.45763, 15.9934 ], [ 73.45766, 15.99408 ] ] ], [ [ [ 73.4719, 15.99498 ], [ 73.47152, 15.99493 ], [ 73.47161, 15.99466 ], [ 73.4719, 15.99498 ] ] ], [ [ [ 73.47135, 15.99492 ], [ 73.47098, 15.99508 ], [ 73.47082, 15.99474 ], [ 73.47135, 15.99492 ] ] ], [ [ [ 73.45512, 15.99427 ], [ 73.4548, 15.99438 ], [ 73.4547, 15.99402 ], [ 73.45512, 15.99427 ] ] ], [ [ [ 73.4583, 15.99469 ], [ 73.45794, 15.99489 ], [ 73.45785, 15.99456 ], [ 73.4583, 15.99469 ] ] ], [ [ [ 73.47124, 15.99576 ], [ 73.47094, 15.99566 ], [ 73.47104, 15.9954 ], [ 73.47124, 15.99576 ] ] ], [ [ [ 73.47047, 15.99532 ], [ 73.46969, 15.9957 ], [ 73.46974, 15.99502 ], [ 73.47047, 15.99532 ] ] ], [ [ [ 73.47001, 15.99699 ], [ 73.46972, 15.99707 ], [ 73.46963, 15.99679 ], [ 73.47001, 15.99699 ] ] ], [ [ [ 73.47171, 15.99761 ], [ 73.47128, 15.99821 ], [ 73.4711, 15.99795 ], [ 73.47171, 15.99761 ] ] ], [ [ [ 73.4603, 16.02361 ], [ 73.46008, 16.02386 ], [ 73.46006, 16.0236 ], [ 73.4603, 16.02361 ] ] ], [ [ [ 73.457, 16.04111 ], [ 73.46044, 16.03897 ], [ 73.46185, 16.04363 ], [ 73.457, 16.04111 ] ] ], [ [ [ 73.46461, 16.04707 ], [ 73.4642, 16.04642 ], [ 73.46486, 16.04609 ], [ 73.46461, 16.04707 ] ] ], [ [ [ 73.4615, 16.05201 ], [ 73.46128, 16.05206 ], [ 73.46117, 16.05142 ], [ 73.4615, 16.05201 ] ] ], [ [ [ 73.46383, 16.07387 ], [ 73.46361, 16.074 ], [ 73.46342, 16.07382 ], [ 73.46383, 16.07387 ] ] ], [ [ [ 73.46406, 16.07442 ], [ 73.46363, 16.07434 ], [ 73.46371, 16.07417 ], [ 73.46406, 16.07442 ] ] ], [ [ [ 73.45798, 16.08788 ], [ 73.45824, 16.08923 ], [ 73.45656, 16.08708 ], [ 73.45798, 16.08788 ] ] ], [ [ [ 73.44473, 16.09866 ], [ 73.4441, 16.09924 ], [ 73.44404, 16.09895 ], [ 73.44473, 16.09866 ] ] ], [ [ [ 73.44411, 16.101 ], [ 73.44289, 16.10273 ], [ 73.44272, 16.10075 ], [ 73.44411, 16.101 ] ] ], [ [ [ 73.44198, 16.10329 ], [ 73.44164, 16.10419 ], [ 73.44156, 16.10359 ], [ 73.44198, 16.10329 ] ] ], [ [ [ 82.31921, 16.56772 ], [ 82.31816, 16.56719 ], [ 82.31906, 16.56629 ], [ 82.31921, 16.56772 ] ] ], [ [ [ 82.31515, 16.57212 ], [ 82.31733, 16.56767 ], [ 82.31884, 16.56799 ], [ 82.31515, 16.57212 ] ] ], [ [ [ 82.34457, 16.60689 ], [ 82.3295, 16.5951 ], [ 82.33131, 16.59176 ], [ 82.33592, 16.58951 ], [ 82.34457, 16.60689 ] ] ], [ [ [ 82.33094, 16.61797 ], [ 82.33066, 16.60707 ], [ 82.33519, 16.60284 ], [ 82.33094, 16.61797 ] ] ], [ [ [ 73.28349, 16.95753 ], [ 73.28345, 16.95785 ], [ 73.2831, 16.95773 ], [ 73.28349, 16.95753 ] ] ], [ [ [ 73.28548, 16.98951 ], [ 73.28543, 16.98935 ], [ 73.28554, 16.98932 ], [ 73.28548, 16.98951 ] ] ], [ [ [ 83.00982, 17.484 ], [ 83.00909, 17.4841 ], [ 83.00907, 17.4833 ], [ 83.00982, 17.484 ] ] ], [ [ [ 83.11001, 17.54324 ], [ 83.10932, 17.5431 ], [ 83.10944, 17.5425 ], [ 83.11001, 17.54324 ] ] ], [ [ [ 83.11093, 17.54395 ], [ 83.11069, 17.54416 ], [ 83.11051, 17.54378 ], [ 83.11093, 17.54395 ] ] ], [ [ [ 83.24054, 17.61977 ], [ 83.24043, 17.62019 ], [ 83.24001, 17.6199 ], [ 83.24054, 17.61977 ] ] ], [ [ [ 73.11922, 17.76599 ], [ 73.11948, 17.76552 ], [ 73.11969, 17.76616 ], [ 73.11922, 17.76599 ] ] ], [ [ [ 73.10127, 17.80471 ], [ 73.10112, 17.80464 ], [ 73.10136, 17.80406 ], [ 73.10127, 17.80471 ] ] ], [ [ [ 73.08786, 17.80764 ], [ 73.08768, 17.80784 ], [ 73.08735, 17.8076 ], [ 73.08786, 17.80764 ] ] ], [ [ [ 73.08366, 17.81454 ], [ 73.08491, 17.81525 ], [ 73.08536, 17.81696 ], [ 73.08366, 17.81454 ] ] ], [ [ [ 72.97851, 18.1036 ], [ 72.97789, 18.10471 ], [ 72.97683, 18.10344 ], [ 72.97851, 18.1036 ] ] ], [ [ [ 72.9631, 18.29966 ], [ 72.96584, 18.29883 ], [ 72.96638, 18.29961 ], [ 72.9631, 18.29966 ] ] ], [ [ [ 72.93241, 18.32242 ], [ 72.93202, 18.32158 ], [ 72.93271, 18.32155 ], [ 72.93241, 18.32242 ] ] ], [ [ [ 84.55726, 18.80641 ], [ 84.55647, 18.80629 ], [ 84.55666, 18.8055 ], [ 84.55726, 18.80641 ] ] ], [ [ [ 72.8427, 18.70712 ], [ 72.84277, 18.70781 ], [ 72.84211, 18.70748 ], [ 72.8427, 18.70712 ] ] ], [ [ [ 72.81237, 18.70422 ], [ 72.8143, 18.70249 ], [ 72.81478, 18.70484 ], [ 72.81237, 18.70422 ] ] ], [ [ [ 84.57687, 18.83634 ], [ 84.57651, 18.83625 ], [ 84.57663, 18.83584 ], [ 84.57687, 18.83634 ] ] ], [ [ [ 84.5774, 18.83789 ], [ 84.5767, 18.83789 ], [ 84.5766, 18.83726 ], [ 84.5774, 18.83789 ] ] ], [ [ [ 72.89833, 18.83141 ], [ 72.89955, 18.82991 ], [ 72.90041, 18.83044 ], [ 72.89833, 18.83141 ] ] ], [ [ [ 72.89644, 18.8344 ], [ 72.89654, 18.83352 ], [ 72.89698, 18.83376 ], [ 72.89644, 18.8344 ] ] ], [ [ [ 72.82718, 18.9027 ], [ 72.82672, 18.90185 ], [ 72.82721, 18.90159 ], [ 72.82718, 18.9027 ] ] ], [ [ [ 72.84727, 18.91842 ], [ 72.8483, 18.91836 ], [ 72.84836, 18.91865 ], [ 72.84727, 18.91842 ] ] ], [ [ [ 72.85111, 18.94795 ], [ 72.85192, 18.94741 ], [ 72.85222, 18.94819 ], [ 72.85111, 18.94795 ] ] ], [ [ [ 72.90011, 18.96068 ], [ 72.90502, 18.95765 ], [ 72.90612, 18.95964 ], [ 72.90011, 18.96068 ] ] ], [ [ [ 72.92498, 18.96256 ], [ 72.93404, 18.95272 ], [ 72.94249, 18.96664 ], [ 72.92498, 18.96256 ] ] ], [ [ [ 72.8082, 19.0786 ], [ 72.80792, 19.07402 ], [ 72.81145, 19.07438 ], [ 72.8082, 19.0786 ] ] ], [ [ [ 72.77304, 19.1337 ], [ 72.77347, 19.13287 ], [ 72.77484, 19.13334 ], [ 72.77304, 19.1337 ] ] ], [ [ [ 72.78315, 19.13349 ], [ 72.78231, 19.13506 ], [ 72.78047, 19.13396 ], [ 72.78315, 19.13349 ] ] ], [ [ [ 72.76804, 19.24133 ], [ 72.76764, 19.24225 ], [ 72.76594, 19.24003 ], [ 72.76804, 19.24133 ] ] ], [ [ [ 72.75868, 19.26722 ], [ 72.75852, 19.26768 ], [ 72.75796, 19.2671 ], [ 72.75868, 19.26722 ] ] ], [ [ [ 72.76437, 19.28456 ], [ 72.76414, 19.28501 ], [ 72.76343, 19.28431 ], [ 72.76437, 19.28456 ] ] ], [ [ [ 72.76999, 19.30987 ], [ 72.76952, 19.30974 ], [ 72.76971, 19.30914 ], [ 72.76999, 19.30987 ] ] ], [ [ [ 72.77294, 19.30952 ], [ 72.77267, 19.31075 ], [ 72.7718, 19.30901 ], [ 72.77294, 19.30952 ] ] ], [ [ [ 72.79407, 19.32161 ], [ 72.79234, 19.32135 ], [ 72.7935, 19.32046 ], [ 72.79407, 19.32161 ] ] ], [ [ [ 72.76332, 19.33619 ], [ 72.76252, 19.33573 ], [ 72.76268, 19.33517 ], [ 72.76332, 19.33619 ] ] ], [ [ [ 72.75714, 19.3497 ], [ 72.75467, 19.34633 ], [ 72.75583, 19.34266 ], [ 72.75714, 19.3497 ] ] ], [ [ [ 72.72828, 19.46716 ], [ 72.73366, 19.4591 ], [ 72.73647, 19.46567 ], [ 72.72828, 19.46716 ] ] ], [ [ [ 86.78379, 20.36164 ], [ 86.78454, 20.36396 ], [ 86.78083, 20.36155 ], [ 86.78379, 20.36164 ] ] ], [ [ [ 86.79272, 20.38299 ], [ 86.79103, 20.38639 ], [ 86.79029, 20.38228 ], [ 86.79272, 20.38299 ] ] ], [ [ [ 86.79648, 20.4001 ], [ 86.79891, 20.36452 ], [ 86.80748, 20.37353 ], [ 86.79648, 20.4001 ] ] ], [ [ [ 86.78787, 20.38347 ], [ 86.80824, 20.45312 ], [ 86.79322, 20.49324 ], [ 86.80005, 20.44312 ], [ 86.79018, 20.43255 ], [ 86.78787, 20.38347 ] ] ], [ [ [ 87.01306, 20.71723 ], [ 87.00661, 20.71194 ], [ 87.00865, 20.7099 ], [ 87.01306, 20.71723 ] ] ], [ [ [ 87.0062, 20.71505 ], [ 87.00812, 20.71952 ], [ 87.00243, 20.71321 ], [ 87.0062, 20.71505 ] ] ], [ [ [ 87.05631, 20.73286 ], [ 87.05325, 20.73022 ], [ 87.05421, 20.72959 ], [ 87.05631, 20.73286 ] ] ], [ [ [ 87.05074, 20.73794 ], [ 87.05313, 20.73709 ], [ 87.05252, 20.73761 ], [ 87.05074, 20.73794 ] ] ], [ [ [ 87.07789, 20.74393 ], [ 87.06955, 20.73347 ], [ 87.07351, 20.72746 ], [ 87.07789, 20.74393 ] ] ], [ [ [ 87.04938, 20.74403 ], [ 87.05965, 20.74386 ], [ 87.05885, 20.74492 ], [ 87.04938, 20.74403 ] ] ], [ [ [ 87.0703, 20.73838 ], [ 87.07226, 20.74899 ], [ 87.06878, 20.73763 ], [ 87.0703, 20.73838 ] ] ], [ [ [ 87.09678, 20.74794 ], [ 87.09832, 20.74747 ], [ 87.09842, 20.74804 ], [ 87.09678, 20.74794 ] ] ], [ [ [ 87.10202, 20.75068 ], [ 87.10168, 20.75151 ], [ 87.09941, 20.75003 ], [ 87.10202, 20.75068 ] ] ], [ [ [ 87.08238, 20.76391 ], [ 87.07308, 20.7535 ], [ 87.09752, 20.75492 ], [ 87.08238, 20.76391 ] ] ], [ [ [ 86.98361, 20.78039 ], [ 86.98264, 20.78482 ], [ 86.97845, 20.77881 ], [ 86.98361, 20.78039 ] ] ], [ [ [ 87.07478, 20.7674 ], [ 87.07601, 20.77202 ], [ 87.07475, 20.78902 ], [ 87.07478, 20.7674 ] ] ], [ [ [ 86.98777, 20.80396 ], [ 86.98605, 20.80262 ], [ 86.98658, 20.80199 ], [ 86.98777, 20.80396 ] ] ], [ [ [ 71.15526, 20.76105 ], [ 71.15132, 20.76388 ], [ 71.14991, 20.75943 ], [ 71.15526, 20.76105 ] ] ], [ [ [ 71.17083, 20.76507 ], [ 71.17043, 20.76457 ], [ 71.17139, 20.76534 ], [ 71.17083, 20.76507 ] ] ], [ [ [ 71.17219, 20.7662 ], [ 71.17123, 20.76542 ], [ 71.17232, 20.76559 ], [ 71.17219, 20.7662 ] ] ], [ [ [ 71.17522, 20.76671 ], [ 71.17513, 20.76649 ], [ 71.17623, 20.76657 ], [ 71.17522, 20.76671 ] ] ], [ [ [ 71.25706, 20.81334 ], [ 71.25456, 20.81398 ], [ 71.25423, 20.81235 ], [ 71.25706, 20.81334 ] ] ], [ [ [ 71.26315, 20.81634 ], [ 71.26277, 20.81691 ], [ 71.26079, 20.81596 ], [ 71.26315, 20.81634 ] ] ], [ [ [ 71.27104, 20.82036 ], [ 71.26889, 20.82115 ], [ 71.26936, 20.81946 ], [ 71.27104, 20.82036 ] ] ], [ [ [ 71.3049, 20.83254 ], [ 71.3025, 20.83108 ], [ 71.30314, 20.83098 ], [ 71.3049, 20.83254 ] ] ], [ [ [ 71.30906, 20.83289 ], [ 71.30761, 20.83234 ], [ 71.30799, 20.83228 ], [ 71.30906, 20.83289 ] ] ], [ [ [ 71.30399, 20.83438 ], [ 71.30277, 20.83394 ], [ 71.30317, 20.83372 ], [ 71.30399, 20.83438 ] ] ], [ [ [ 71.45641, 20.87849 ], [ 71.45611, 20.87828 ], [ 71.45722, 20.87763 ], [ 71.45641, 20.87849 ] ] ], [ [ [ 71.53663, 20.90411 ], [ 71.53623, 20.90396 ], [ 71.53638, 20.90381 ], [ 71.53663, 20.90411 ] ] ], [ [ [ 71.53426, 20.90401 ], [ 71.534, 20.90362 ], [ 71.5348, 20.90345 ], [ 71.53426, 20.90401 ] ] ], [ [ [ 71.53378, 20.90405 ], [ 71.53372, 20.90413 ], [ 71.53342, 20.90396 ], [ 71.53378, 20.90405 ] ] ], [ [ [ 71.52816, 20.90477 ], [ 71.52566, 20.90366 ], [ 71.53243, 20.90294 ], [ 71.52816, 20.90477 ] ] ], [ [ [ 71.54676, 20.91365 ], [ 71.54598, 20.91319 ], [ 71.54673, 20.91305 ], [ 71.54676, 20.91365 ] ] ], [ [ [ 71.54567, 20.91393 ], [ 71.54542, 20.91428 ], [ 71.54476, 20.91361 ], [ 71.54567, 20.91393 ] ] ], [ [ [ 71.51278, 20.91108 ], [ 71.50991, 20.9039 ], [ 71.5245, 20.90492 ], [ 71.51278, 20.91108 ] ] ], [ [ [ 71.52125, 20.9131 ], [ 71.52126, 20.91347 ], [ 71.52021, 20.91327 ], [ 71.52125, 20.9131 ] ] ], [ [ [ 71.67553, 20.98448 ], [ 71.6751, 20.98443 ], [ 71.67515, 20.98411 ], [ 71.67553, 20.98448 ] ] ], [ [ [ 71.6767, 20.98809 ], [ 71.67626, 20.98951 ], [ 71.6751, 20.98804 ], [ 71.6767, 20.98809 ] ] ], [ [ [ 71.68643, 20.9939 ], [ 71.68509, 20.99299 ], [ 71.68524, 20.99292 ], [ 71.68643, 20.9939 ] ] ], [ [ [ 71.67684, 20.99221 ], [ 71.67719, 20.99386 ], [ 71.67555, 20.99265 ], [ 71.67684, 20.99221 ] ] ], [ [ [ 71.71019, 20.99749 ], [ 71.71063, 20.99815 ], [ 71.70734, 20.99756 ], [ 71.71019, 20.99749 ] ] ], [ [ [ 71.65738, 20.99624 ], [ 71.65535, 20.99508 ], [ 71.65682, 20.99481 ], [ 71.65738, 20.99624 ] ] ], [ [ [ 71.69815, 20.99844 ], [ 71.69645, 20.99741 ], [ 71.70377, 20.99721 ], [ 71.69815, 20.99844 ] ] ], [ [ [ 71.91521, 21.10716 ], [ 71.9159, 21.10642 ], [ 71.91648, 21.1072 ], [ 71.91521, 21.10716 ] ] ], [ [ [ 72.01218, 21.13403 ], [ 72.01099, 21.13361 ], [ 72.01204, 21.13297 ], [ 72.01218, 21.13403 ] ] ], [ [ [ 72.03503, 21.15556 ], [ 72.03512, 21.15689 ], [ 72.03315, 21.15559 ], [ 72.03503, 21.15556 ] ] ], [ [ [ 72.04718, 21.16152 ], [ 72.04622, 21.162 ], [ 72.04555, 21.1607 ], [ 72.04718, 21.16152 ] ] ], [ [ [ 72.06799, 21.17689 ], [ 72.06807, 21.17725 ], [ 72.06681, 21.17699 ], [ 72.06799, 21.17689 ] ] ], [ [ [ 72.08375, 21.18653 ], [ 72.08349, 21.1864 ], [ 72.08363, 21.18617 ], [ 72.08375, 21.18653 ] ] ], [ [ [ 87.419, 21.57872 ], [ 87.41371, 21.56017 ], [ 87.41656, 21.57 ], [ 87.419, 21.57872 ] ] ], [ [ [ 72.75562, 21.5764 ], [ 72.77067, 21.59735 ], [ 72.74417, 21.58022 ], [ 72.75562, 21.5764 ] ] ], [ [ [ 88.00997, 21.55823 ], [ 88.01375, 21.54684 ], [ 88.01856, 21.55167 ], [ 88.00997, 21.55823 ] ] ], [ [ [ 72.36116, 21.59569 ], [ 72.35031, 21.60843 ], [ 72.3551, 21.59249 ], [ 72.36116, 21.59569 ] ] ], [ [ [ 88.16702, 21.60295 ], [ 88.16394, 21.5861 ], [ 88.17567, 21.54986 ], [ 88.19849, 21.54165 ], [ 88.18615, 21.58195 ], [ 88.16702, 21.60295 ] ] ], [ [ [ 72.74951, 21.65606 ], [ 72.74841, 21.6544 ], [ 72.74948, 21.65173 ], [ 72.74951, 21.65606 ] ] ], [ [ [ 72.74002, 21.64476 ], [ 72.6719, 21.64532 ], [ 72.6266, 21.62883 ], [ 72.60696, 21.58758 ], [ 72.61742, 21.54697 ], [ 72.5988, 21.54867 ], [ 72.60047, 21.57793 ], [ 72.58017, 21.58571 ], [ 72.57519, 21.53233 ], [ 72.64221, 21.53225 ], [ 72.70194, 21.59207 ], [ 72.81978, 21.62386 ], [ 72.8159, 21.65285 ], [ 72.74002, 21.64476 ] ] ], [ [ [ 72.75335, 21.65792 ], [ 72.75062, 21.65401 ], [ 72.75583, 21.65467 ], [ 72.75335, 21.65792 ] ] ], [ [ [ 72.73584, 21.65416 ], [ 72.73702, 21.65975 ], [ 72.72533, 21.65073 ], [ 72.73584, 21.65416 ] ] ], [ [ [ 72.74103, 21.65523 ], [ 72.74038, 21.6473 ], [ 72.74628, 21.65623 ], [ 72.74103, 21.65523 ] ] ], [ [ [ 72.74586, 21.65935 ], [ 72.74729, 21.66118 ], [ 72.74346, 21.66052 ], [ 72.74586, 21.65935 ] ] ], [ [ [ 72.73399, 21.66493 ], [ 72.72994, 21.66189 ], [ 72.71515, 21.65952 ], [ 72.72417, 21.65261 ], [ 72.73399, 21.66493 ] ] ], [ [ [ 88.50859, 21.59216 ], [ 88.48477, 21.5522 ], [ 88.53556, 21.52759 ], [ 88.5372, 21.57801 ], [ 88.50859, 21.59216 ] ] ], [ [ [ 72.72484, 21.67036 ], [ 72.7167, 21.66353 ], [ 72.72845, 21.66241 ], [ 72.72484, 21.67036 ] ] ], [ [ [ 88.83401, 21.60804 ], [ 88.83118, 21.55117 ], [ 88.87609, 21.5344 ], [ 88.90599, 21.54756 ], [ 88.89189, 21.5812 ], [ 88.83401, 21.60804 ] ] ], [ [ [ 89.13701, 21.60141 ], [ 89.13519, 21.59642 ], [ 89.14453, 21.59265 ], [ 89.13701, 21.60141 ] ] ], [ [ [ 88.53895, 21.63893 ], [ 88.5224, 21.65846 ], [ 88.51202, 21.60162 ], [ 88.53558, 21.59251 ], [ 88.55593, 21.56035 ], [ 88.58698, 21.60594 ], [ 88.53895, 21.63893 ] ] ], [ [ [ 88.04594, 21.69739 ], [ 88.04543, 21.6994 ], [ 88.04441, 21.69881 ], [ 88.04594, 21.69739 ] ] ], [ [ [ 88.05007, 21.70001 ], [ 88.04941, 21.69449 ], [ 88.05133, 21.69623 ], [ 88.05007, 21.70001 ] ] ], [ [ [ 88.0447, 21.70229 ], [ 88.04277, 21.70897 ], [ 88.04232, 21.70344 ], [ 88.0447, 21.70229 ] ] ], [ [ [ 88.05625, 21.71014 ], [ 88.05575, 21.71139 ], [ 88.05371, 21.71088 ], [ 88.05625, 21.71014 ] ] ], [ [ [ 88.64121, 21.67963 ], [ 88.63088, 21.67329 ], [ 88.63158, 21.64941 ], [ 88.64121, 21.67963 ] ] ], [ [ [ 88.30938, 21.70486 ], [ 88.30645, 21.61495 ], [ 88.31785, 21.60522 ], [ 88.35142, 21.67728 ], [ 88.30938, 21.70486 ] ] ], [ [ [ 88.19387, 21.68763 ], [ 88.21357, 21.70013 ], [ 88.20366, 21.72584 ], [ 88.18016, 21.68518 ], [ 88.21284, 21.59839 ], [ 88.22642, 21.66878 ], [ 88.20044, 21.67377 ], [ 88.19387, 21.68763 ] ] ], [ [ [ 88.74978, 21.64962 ], [ 88.7018, 21.68787 ], [ 88.69251, 21.72016 ], [ 88.68443, 21.68431 ], [ 88.71884, 21.63474 ], [ 88.70859, 21.58472 ], [ 88.74203, 21.56219 ], [ 88.80005, 21.59124 ], [ 88.76898, 21.65595 ], [ 88.74978, 21.64962 ] ] ], [ [ [ 88.20475, 21.73763 ], [ 88.20648, 21.75976 ], [ 88.19501, 21.72438 ], [ 88.20475, 21.73763 ] ] ], [ [ [ 88.41516, 21.72519 ], [ 88.40165, 21.73728 ], [ 88.39583, 21.75464 ], [ 88.38912, 21.73575 ], [ 88.36876, 21.72698 ], [ 88.40424, 21.71663 ], [ 88.38094, 21.66289 ], [ 88.39694, 21.58993 ], [ 88.43195, 21.62045 ], [ 88.41105, 21.65583 ], [ 88.41516, 21.72519 ] ] ], [ [ [ 88.38768, 21.76279 ], [ 88.34367, 21.75483 ], [ 88.35707, 21.68646 ], [ 88.39451, 21.71322 ], [ 88.36328, 21.72591 ], [ 88.38768, 21.76279 ] ] ], [ [ [ 88.19261, 21.77971 ], [ 88.19265, 21.75819 ], [ 88.19747, 21.76484 ], [ 88.19261, 21.77971 ] ] ], [ [ [ 88.28911, 21.77875 ], [ 88.29189, 21.71206 ], [ 88.30496, 21.73246 ], [ 88.28911, 21.77875 ] ] ], [ [ [ 88.61888, 21.73919 ], [ 88.58726, 21.7533 ], [ 88.58389, 21.77618 ], [ 88.56929, 21.77014 ], [ 88.57902, 21.7271 ], [ 88.61888, 21.73919 ] ] ], [ [ [ 88.18569, 21.79021 ], [ 88.17905, 21.79933 ], [ 88.17634, 21.7926 ], [ 88.18569, 21.79021 ] ] ], [ [ [ 88.6084, 21.78459 ], [ 88.58739, 21.75721 ], [ 88.62173, 21.74005 ], [ 88.59706, 21.71568 ], [ 88.61092, 21.70477 ], [ 88.62756, 21.72931 ], [ 88.62975, 21.75147 ], [ 88.6084, 21.78459 ] ] ], [ [ [ 88.38342, 21.77769 ], [ 88.43249, 21.70438 ], [ 88.43399, 21.60371 ], [ 88.45016, 21.61177 ], [ 88.47151, 21.67388 ], [ 88.4528, 21.71841 ], [ 88.47144, 21.79247 ], [ 88.45557, 21.78913 ], [ 88.42999, 21.79927 ], [ 88.38342, 21.77769 ] ] ], [ [ [ 88.57968, 21.71738 ], [ 88.56007, 21.76792 ], [ 88.57327, 21.78849 ], [ 88.54227, 21.81144 ], [ 88.50629, 21.75836 ], [ 88.52622, 21.66287 ], [ 88.60267, 21.61254 ], [ 88.59101, 21.65834 ], [ 88.60862, 21.68148 ], [ 88.57968, 21.71738 ] ] ], [ [ [ 88.48318, 21.83491 ], [ 88.45189, 21.81364 ], [ 88.46393, 21.80021 ], [ 88.4999, 21.81133 ], [ 88.48318, 21.83491 ] ] ], [ [ [ 88.19467, 21.84038 ], [ 88.16636, 21.86974 ], [ 88.17814, 21.84472 ], [ 88.19467, 21.84038 ] ] ], [ [ [ 88.13181, 21.87357 ], [ 88.07681, 21.77742 ], [ 88.07649, 21.75176 ], [ 88.05521, 21.72095 ], [ 88.05693, 21.70972 ], [ 88.05101, 21.68762 ], [ 88.04135, 21.67556 ], [ 88.0621, 21.6374 ], [ 88.14508, 21.63898 ], [ 88.13419, 21.67848 ], [ 88.15324, 21.68196 ], [ 88.17125, 21.7401 ], [ 88.13181, 21.87357 ] ] ], [ [ [ 88.08296, 21.84223 ], [ 88.09672, 21.86134 ], [ 88.08113, 21.87985 ], [ 88.07236, 21.85831 ], [ 88.08296, 21.84223 ] ] ], [ [ [ 88.17407, 21.86774 ], [ 88.16528, 21.87916 ], [ 88.16925, 21.86879 ], [ 88.17407, 21.86774 ] ] ], [ [ [ 88.55405, 21.87567 ], [ 88.55997, 21.85151 ], [ 88.55669, 21.82769 ], [ 88.57395, 21.85606 ], [ 88.55405, 21.87567 ] ] ], [ [ [ 88.11962, 21.89143 ], [ 88.08562, 21.91437 ], [ 88.0976, 21.87402 ], [ 88.11962, 21.89143 ] ] ], [ [ [ 88.4928, 21.90386 ], [ 88.49337, 21.90663 ], [ 88.4822, 21.90088 ], [ 88.4928, 21.90386 ] ] ], [ [ [ 88.54143, 21.90219 ], [ 88.54878, 21.89197 ], [ 88.55047, 21.87938 ], [ 88.54326, 21.8546 ], [ 88.53089, 21.84765 ], [ 88.552, 21.81662 ], [ 88.55298, 21.87668 ], [ 88.57615, 21.88306 ], [ 88.54143, 21.90219 ] ] ], [ [ [ 88.12634, 21.94745 ], [ 88.08986, 21.92655 ], [ 88.13001, 21.89913 ], [ 88.14502, 21.91734 ], [ 88.11693, 21.92398 ], [ 88.11894, 21.92835 ], [ 88.12672, 21.9339 ], [ 88.14545, 21.92471 ], [ 88.12634, 21.94745 ] ] ], [ [ [ 88.64859, 21.91786 ], [ 88.58481, 21.84498 ], [ 88.59197, 21.79764 ], [ 88.64456, 21.78794 ], [ 88.67007, 21.91242 ], [ 88.64859, 21.91786 ] ] ], [ [ [ 88.91182, 21.93088 ], [ 88.8919, 21.91731 ], [ 88.8493, 21.91272 ], [ 88.81975, 21.93061 ], [ 88.85451, 21.87968 ], [ 88.83506, 21.78279 ], [ 88.87722, 21.76661 ], [ 88.86965, 21.70417 ], [ 88.89107, 21.65239 ], [ 88.92297, 21.63231 ], [ 88.94013, 21.68904 ], [ 88.91467, 21.71618 ], [ 88.92084, 21.76239 ], [ 88.93171, 21.74443 ], [ 88.92126, 21.72152 ], [ 88.95131, 21.69385 ], [ 88.93872, 21.64614 ], [ 89.02378, 21.60291 ], [ 89.02407, 21.65822 ], [ 89.06072, 21.61573 ], [ 89.09356, 21.66368 ], [ 89.01946, 21.76615 ], [ 89.03134, 21.86396 ], [ 88.91182, 21.93088 ] ] ], [ [ [ 88.54438, 21.97086 ], [ 88.54267, 21.96028 ], [ 88.5508, 21.93587 ], [ 88.5501, 21.92238 ], [ 88.56679, 21.91236 ], [ 88.58362, 21.89164 ], [ 88.60998, 21.92471 ], [ 88.54438, 21.97086 ] ] ], [ [ [ 88.08563, 22.00621 ], [ 88.12523, 21.99598 ], [ 88.14261, 22.0136 ], [ 88.08563, 22.00621 ] ] ], [ [ [ 88.60318, 21.99118 ], [ 88.57649, 21.96064 ], [ 88.61002, 21.92927 ], [ 88.61503, 21.93751 ], [ 88.59861, 21.96758 ], [ 88.60318, 21.99118 ] ] ], [ [ [ 69.32411, 22.30341 ], [ 69.32381, 22.30307 ], [ 69.32461, 22.30309 ], [ 69.32411, 22.30341 ] ] ], [ [ [ 69.31033, 22.30521 ], [ 69.31022, 22.30533 ], [ 69.31008, 22.30504 ], [ 69.31033, 22.30521 ] ] ], [ [ [ 69.32852, 22.33653 ], [ 69.32802, 22.33719 ], [ 69.32758, 22.33656 ], [ 69.32852, 22.33653 ] ] ], [ [ [ 69.4415, 22.35691 ], [ 69.43828, 22.35385 ], [ 69.45899, 22.35212 ], [ 69.4415, 22.35691 ] ] ], [ [ [ 69.55001, 22.37424 ], [ 69.54608, 22.37559 ], [ 69.54872, 22.37283 ], [ 69.55001, 22.37424 ] ] ], [ [ [ 69.48201, 22.38811 ], [ 69.47872, 22.38824 ], [ 69.47737, 22.38683 ], [ 69.48524, 22.38858 ], [ 69.48201, 22.38811 ] ] ], [ [ [ 69.18301, 22.36687 ], [ 69.18492, 22.36418 ], [ 69.18519, 22.36671 ], [ 69.18301, 22.36687 ] ] ], [ [ [ 69.1948, 22.37415 ], [ 69.19092, 22.36981 ], [ 69.19448, 22.36808 ], [ 69.1948, 22.37415 ] ] ], [ [ [ 69.33513, 22.38662 ], [ 69.32336, 22.38129 ], [ 69.3327, 22.37282 ], [ 69.33513, 22.38662 ] ] ], [ [ [ 69.48449, 22.39482 ], [ 69.47889, 22.39795 ], [ 69.47615, 22.38903 ], [ 69.48449, 22.39482 ] ] ], [ [ [ 69.21712, 22.38273 ], [ 69.21682, 22.38292 ], [ 69.21665, 22.38259 ], [ 69.21712, 22.38273 ] ] ], [ [ [ 69.21482, 22.38376 ], [ 69.21296, 22.38453 ], [ 69.21385, 22.38273 ], [ 69.21482, 22.38376 ] ] ], [ [ [ 69.20098, 22.38635 ], [ 69.20186, 22.38701 ], [ 69.20032, 22.38721 ], [ 69.20098, 22.38635 ] ] ], [ [ [ 69.20523, 22.38971 ], [ 69.20503, 22.38971 ], [ 69.20509, 22.38959 ], [ 69.20523, 22.38971 ] ] ], [ [ [ 69.20409, 22.38973 ], [ 69.20352, 22.38986 ], [ 69.20359, 22.38967 ], [ 69.20409, 22.38973 ] ] ], [ [ [ 69.20601, 22.39639 ], [ 69.20593, 22.3969 ], [ 69.20534, 22.39567 ], [ 69.20601, 22.39639 ] ] ], [ [ [ 69.20948, 22.40016 ], [ 69.2094, 22.40017 ], [ 69.20942, 22.39997 ], [ 69.20948, 22.40016 ] ] ], [ [ [ 69.20843, 22.40144 ], [ 69.20832, 22.40126 ], [ 69.20865, 22.40113 ], [ 69.20843, 22.40144 ] ] ], [ [ [ 69.20686, 22.40373 ], [ 69.20694, 22.40309 ], [ 69.20844, 22.40231 ], [ 69.20823, 22.40286 ], [ 69.20686, 22.40373 ] ] ], [ [ [ 69.20596, 22.40501 ], [ 69.20574, 22.40524 ], [ 69.20556, 22.40478 ], [ 69.20596, 22.40501 ] ] ], [ [ [ 69.27842, 22.41717 ], [ 69.27817, 22.41601 ], [ 69.28047, 22.41593 ], [ 69.27842, 22.41717 ] ] ], [ [ [ 69.73759, 22.44923 ], [ 69.73611, 22.44937 ], [ 69.73691, 22.44888 ], [ 69.73759, 22.44923 ] ] ], [ [ [ 69.73844, 22.44836 ], [ 69.73519, 22.44923 ], [ 69.73563, 22.44828 ], [ 69.73844, 22.44836 ] ] ], [ [ [ 69.50459, 22.4344 ], [ 69.5188, 22.37243 ], [ 69.54084, 22.38055 ], [ 69.55797, 22.37591 ], [ 69.55128, 22.40765 ], [ 69.50459, 22.4344 ] ] ], [ [ [ 69.27732, 22.41858 ], [ 69.27793, 22.41867 ], [ 69.27797, 22.41925 ], [ 69.27732, 22.41858 ] ] ], [ [ [ 69.16735, 22.41209 ], [ 69.16575, 22.41326 ], [ 69.16604, 22.41144 ], [ 69.16735, 22.41209 ] ] ], [ [ [ 69.62893, 22.45885 ], [ 69.59035, 22.43072 ], [ 69.6365, 22.40572 ], [ 69.65681, 22.42694 ], [ 69.62893, 22.45885 ] ] ], [ [ [ 69.07186, 22.42978 ], [ 69.07168, 22.42993 ], [ 69.07157, 22.42978 ], [ 69.07186, 22.42978 ] ] ], [ [ [ 69.05321, 22.43033 ], [ 69.05276, 22.43033 ], [ 69.05277, 22.43009 ], [ 69.05321, 22.43033 ] ] ], [ [ [ 69.11055, 22.43693 ], [ 69.11022, 22.43683 ], [ 69.11032, 22.43672 ], [ 69.11055, 22.43693 ] ] ], [ [ [ 69.06917, 22.43828 ], [ 69.06913, 22.4383 ], [ 69.06886, 22.43798 ], [ 69.06917, 22.43828 ] ] ], [ [ [ 69.80442, 22.49234 ], [ 69.80404, 22.49338 ], [ 69.79994, 22.49251 ], [ 69.80442, 22.49234 ] ] ], [ [ [ 69.30447, 22.47256 ], [ 69.30374, 22.47214 ], [ 69.30456, 22.4707 ], [ 69.30447, 22.47256 ] ] ], [ [ [ 69.31118, 22.45119 ], [ 69.32714, 22.45926 ], [ 69.31664, 22.47241 ], [ 69.31118, 22.45119 ] ] ], [ [ [ 69.94506, 22.53119 ], [ 69.94311, 22.53099 ], [ 69.94507, 22.52967 ], [ 69.94506, 22.53119 ] ] ], [ [ [ 69.13752, 22.47622 ], [ 69.09397, 22.46091 ], [ 69.08579, 22.42096 ], [ 69.11542, 22.46679 ], [ 69.14474, 22.45045 ], [ 69.15024, 22.46884 ], [ 69.13752, 22.47622 ] ] ], [ [ [ 69.94456, 22.52537 ], [ 69.93837, 22.53231 ], [ 69.93295, 22.51928 ], [ 69.94456, 22.52537 ] ] ], [ [ [ 69.92836, 22.53083 ], [ 69.92922, 22.52258 ], [ 69.93373, 22.52419 ], [ 69.92836, 22.53083 ] ] ], [ [ [ 69.95681, 22.53494 ], [ 69.95732, 22.536 ], [ 69.95437, 22.5344 ], [ 69.95681, 22.53494 ] ] ], [ [ [ 69.93283, 22.54063 ], [ 69.93039, 22.53921 ], [ 69.93104, 22.53867 ], [ 69.93283, 22.54063 ] ] ], [ [ [ 69.9639, 22.54215 ], [ 69.96399, 22.54236 ], [ 69.96018, 22.54382 ], [ 69.9639, 22.54215 ] ] ], [ [ [ 70.04016, 22.55284 ], [ 70.04611, 22.52362 ], [ 70.05937, 22.53743 ], [ 70.04016, 22.55284 ] ] ], [ [ [ 70.02421, 22.55271 ], [ 70.01206, 22.5497 ], [ 70.01731, 22.54804 ], [ 70.02421, 22.55271 ] ] ], [ [ [ 69.08675, 22.48705 ], [ 69.08827, 22.48967 ], [ 69.08649, 22.48824 ], [ 69.08675, 22.48705 ] ] ], [ [ [ 70.01187, 22.55437 ], [ 69.99642, 22.54926 ], [ 70.00507, 22.54993 ], [ 70.01187, 22.55437 ] ] ], [ [ [ 69.9313, 22.54373 ], [ 69.89098, 22.52441 ], [ 69.86367, 22.52822 ], [ 69.91866, 22.51336 ], [ 69.9313, 22.54373 ] ] ], [ [ [ 69.93993, 22.54867 ], [ 69.94209, 22.53741 ], [ 69.95363, 22.53862 ], [ 69.93993, 22.54867 ] ] ], [ [ [ 70.02434, 22.55612 ], [ 70.02513, 22.55888 ], [ 70.01619, 22.5574 ], [ 70.02434, 22.55612 ] ] ], [ [ [ 70.04613, 22.56959 ], [ 70.04518, 22.57136 ], [ 70.03919, 22.5646 ], [ 70.04613, 22.56959 ] ] ], [ [ [ 69.40399, 22.52818 ], [ 69.40368, 22.5287 ], [ 69.40304, 22.52773 ], [ 69.40399, 22.52818 ] ] ], [ [ [ 69.3239, 22.52655 ], [ 69.336, 22.50696 ], [ 69.36346, 22.5122 ], [ 69.35415, 22.52387 ], [ 69.3239, 22.52655 ] ] ], [ [ [ 69.9336, 22.57841 ], [ 69.93285, 22.579 ], [ 69.93205, 22.57825 ], [ 69.9336, 22.57841 ] ] ], [ [ [ 70.04693, 22.59385 ], [ 70.04707, 22.59472 ], [ 70.04498, 22.59434 ], [ 70.04693, 22.59385 ] ] ], [ [ [ 70.01195, 22.58919 ], [ 69.96551, 22.57472 ], [ 69.95978, 22.54947 ], [ 70.0229, 22.5653 ], [ 70.01195, 22.58919 ] ] ], [ [ [ 69.96247, 22.59953 ], [ 69.96181, 22.60028 ], [ 69.96063, 22.5986 ], [ 69.96247, 22.59953 ] ] ], [ [ [ 69.95403, 22.60306 ], [ 69.95183, 22.59841 ], [ 69.95454, 22.6027 ], [ 69.96276, 22.60031 ], [ 69.9619, 22.59651 ], [ 69.96337, 22.59894 ], [ 69.96317, 22.60039 ], [ 69.95869, 22.60221 ], [ 69.95403, 22.60306 ] ] ], [ [ [ 70.45244, 22.98747 ], [ 70.45632, 22.99767 ], [ 70.42974, 22.97599 ], [ 70.45244, 22.98747 ] ] ], [ [ [ 70.13235, 22.98308 ], [ 70.1315, 22.98532 ], [ 70.12912, 22.98193 ], [ 70.13235, 22.98308 ] ] ], [ [ [ 70.45341, 23.04492 ], [ 70.453, 23.04615 ], [ 70.45078, 23.04389 ], [ 70.45341, 23.04492 ] ] ], [ [ [ 70.45743, 23.03527 ], [ 70.45963, 23.0472 ], [ 70.44833, 23.02664 ], [ 70.45743, 23.03527 ] ] ], [ [ [ 70.4215, 23.03507 ], [ 70.41675, 23.02304 ], [ 70.44196, 23.04665 ], [ 70.4215, 23.03507 ] ] ], [ [ [ 70.41347, 22.98667 ], [ 70.43121, 23.00624 ], [ 70.44933, 23.04939 ], [ 70.41558, 23.01715 ], [ 70.41347, 22.98667 ] ] ], [ [ [ 70.45972, 23.05564 ], [ 70.45749, 23.05421 ], [ 70.45848, 23.05384 ], [ 70.45972, 23.05564 ] ] ], [ [ [ 70.46956, 23.05824 ], [ 70.47013, 23.05893 ], [ 70.46392, 23.0567 ], [ 70.46956, 23.05824 ] ] ], [ [ [ 70.47973, 23.05672 ], [ 70.48344, 23.06272 ], [ 70.46253, 23.05128 ], [ 70.47973, 23.05672 ] ] ], [ [ [ 70.25646, 23.17377 ], [ 70.25662, 23.17062 ], [ 70.25781, 23.17064 ], [ 70.25646, 23.17377 ] ] ], [ [ [ 70.24957, 23.17698 ], [ 70.25261, 23.17087 ], [ 70.25599, 23.17538 ], [ 70.24957, 23.17698 ] ] ], [ [ [ 68.52532, 23.68969 ], [ 68.52204, 23.65348 ], [ 68.54743, 23.67495 ], [ 68.52532, 23.68969 ] ] ], [ [ [ 74.69012, 37.08814 ], [ 74.56812, 37.05176 ], [ 74.5641, 36.9579 ], [ 74.52296, 36.99513 ], [ 74.42642, 36.99569 ], [ 74.24897, 36.89361 ], [ 74.15575, 36.91051 ], [ 74.13346, 36.8479 ], [ 74.04652, 36.81082 ], [ 73.9615, 36.83927 ], [ 73.9149, 36.88298 ], [ 73.67109, 36.9117 ], [ 73.66701, 36.88088 ], [ 73.70551, 36.83781 ], [ 73.79757, 36.8182 ], [ 73.80151, 36.79422 ], [ 73.83699, 36.79513 ], [ 73.86799, 36.76632 ], [ 73.87178, 36.7014 ], [ 73.79555, 36.71884 ], [ 73.77478, 36.70209 ], [ 73.70985, 36.71233 ], [ 73.68311, 36.68657 ], [ 73.59271, 36.69284 ], [ 73.5793, 36.72238 ], [ 73.49763, 36.71314 ], [ 73.42144, 36.74298 ], [ 73.29412, 36.70423 ], [ 73.2014, 36.69553 ], [ 73.17067, 36.72403 ], [ 73.11644, 36.6842 ], [ 73.06765, 36.70062 ], [ 73.09717, 36.60599 ], [ 73.05195, 36.53297 ], [ 72.97791, 36.51153 ], [ 72.97936, 36.45732 ], [ 72.90815, 36.46092 ], [ 72.85967, 36.43556 ], [ 72.87554, 36.39456 ], [ 72.85367, 36.36635 ], [ 72.68056, 36.27103 ], [ 72.68483, 36.24388 ], [ 72.61887, 36.26928 ], [ 72.58072, 36.25262 ], [ 72.53578, 36.17552 ], [ 72.5617, 36.13989 ], [ 72.51668, 36.06733 ], [ 72.58353, 36.01707 ], [ 72.51276, 35.93643 ], [ 72.51847, 35.90548 ], [ 72.55824, 35.89766 ], [ 72.5851, 35.85937 ], [ 72.68438, 35.82253 ], [ 72.72658, 35.85305 ], [ 72.78429, 35.84145 ], [ 72.81916, 35.88172 ], [ 72.89113, 35.87374 ], [ 72.89245, 35.84454 ], [ 72.91844, 35.83906 ], [ 72.98708, 35.85981 ], [ 73.02882, 35.84706 ], [ 73.08388, 35.87746 ], [ 73.14866, 35.83118 ], [ 73.13292, 35.71078 ], [ 73.26868, 35.62439 ], [ 73.36348, 35.59722 ], [ 73.39812, 35.55708 ], [ 73.47736, 35.5719 ], [ 73.5616, 35.54639 ], [ 73.62839, 35.56905 ], [ 73.7785, 35.52289 ], [ 73.79204, 35.45422 ], [ 73.72702, 35.41899 ], [ 73.69544, 35.36907 ], [ 73.72498, 35.27305 ], [ 73.70798, 35.22248 ], [ 73.73353, 35.20853 ], [ 73.80833, 35.2395 ], [ 73.86119, 35.20714 ], [ 73.92455, 35.2039 ], [ 73.95684, 35.16804 ], [ 74.00283, 35.18365 ], [ 74.03381, 35.14686 ], [ 74.11227, 35.14853 ], [ 74.10586, 35.12572 ], [ 74.13367, 35.11005 ], [ 74.07117, 35.05849 ], [ 74.10975, 35.01607 ], [ 74.05932, 34.99268 ], [ 74.07117, 34.93548 ], [ 74.0372, 34.91923 ], [ 74.02992, 34.87628 ], [ 73.96744, 34.86383 ], [ 73.91937, 34.81165 ], [ 73.83771, 34.81316 ], [ 73.82178, 34.7921 ], [ 73.77231, 34.79611 ], [ 73.72994, 34.77222 ], [ 73.65905, 34.6731 ], [ 73.695, 34.65005 ], [ 73.65026, 34.56196 ], [ 73.55613, 34.58984 ], [ 73.53218, 34.57098 ], [ 73.45384, 34.57106 ], [ 73.43081, 34.52133 ], [ 73.42774, 34.42604 ], [ 73.3961, 34.37161 ], [ 73.45671, 34.27645 ], [ 73.48084, 34.28942 ], [ 73.51645, 33.99883 ], [ 73.59355, 33.88977 ], [ 73.55992, 33.78133 ], [ 73.60314, 33.71509 ], [ 73.56746, 33.66849 ], [ 73.56715, 33.61774 ], [ 73.6119, 33.60378 ], [ 73.64177, 33.52851 ], [ 73.60207, 33.49668 ], [ 73.63189, 33.44759 ], [ 73.59606, 33.43898 ], [ 73.56515, 33.36625 ], [ 73.57842, 33.32862 ], [ 73.59803, 33.33752 ], [ 73.63355, 33.20764 ], [ 73.64762, 33.22282 ], [ 73.66801, 33.20186 ], [ 73.66448, 33.16135 ], [ 73.6312, 33.13952 ], [ 73.63774, 33.08464 ], [ 73.74283, 33.06615 ], [ 73.74911, 33.03362 ], [ 73.79451, 33.00359 ], [ 73.79043, 32.96681 ], [ 73.82597, 32.97724 ], [ 73.82566, 33.00401 ], [ 73.96464, 32.98712 ], [ 74.00618, 32.95491 ], [ 73.99968, 32.9354 ], [ 74.05816, 32.93454 ], [ 74.06895, 32.90956 ], [ 74.1788, 32.8895 ], [ 74.21964, 32.84882 ], [ 74.3034, 32.82984 ], [ 74.35505, 32.767 ], [ 74.45941, 32.78774 ], [ 74.51162, 32.76453 ], [ 74.51159, 32.7455 ], [ 74.63426, 32.74954 ], [ 74.63229, 32.7764 ], [ 74.65836, 32.78765 ], [ 74.64052, 32.81894 ], [ 74.70477, 32.84195 ], [ 74.6535, 32.69669 ], [ 74.69527, 32.66131 ], [ 74.63905, 32.61464 ], [ 74.65254, 32.56296 ], [ 74.67384, 32.56798 ], [ 74.66288, 32.54452 ], [ 74.69061, 32.53296 ], [ 74.68792, 32.48687 ], [ 74.79477, 32.4764 ], [ 74.81875, 32.49791 ], [ 74.87728, 32.49297 ], [ 74.95121, 32.44749 ], [ 75.0193, 32.46616 ], [ 75.02802, 32.49709 ], [ 75.10135, 32.47769 ], [ 75.13142, 32.40886 ], [ 75.18977, 32.42581 ], [ 75.19395, 32.40047 ], [ 75.25594, 32.38927 ], [ 75.32267, 32.34353 ], [ 75.33785, 32.31973 ], [ 75.3205, 32.29739 ], [ 75.38186, 32.26895 ], [ 75.37213, 32.22538 ], [ 75.31638, 32.20804 ], [ 75.32242, 32.1795 ], [ 75.24028, 32.09107 ], [ 75.20246, 32.12024 ], [ 75.17424, 32.06747 ], [ 75.12291, 32.08138 ], [ 75.1049, 32.05857 ], [ 75.0687, 32.06719 ], [ 75.01236, 32.03575 ], [ 74.92796, 32.06646 ], [ 74.87955, 32.0538 ], [ 74.8191, 31.95875 ], [ 74.75559, 31.95575 ], [ 74.71924, 31.92369 ], [ 74.66671, 31.92273 ], [ 74.63631, 31.88422 ], [ 74.60786, 31.89039 ], [ 74.55791, 31.80477 ], [ 74.55941, 31.75788 ], [ 74.4866, 31.715 ], [ 74.53496, 31.6776 ], [ 74.55532, 31.60784 ], [ 74.6156, 31.56898 ], [ 74.6129, 31.52734 ], [ 74.57521, 31.50117 ], [ 74.58728, 31.49629 ], [ 74.60977, 31.49987 ], [ 74.63648, 31.48476 ], [ 74.65461, 31.42601 ], [ 74.60246, 31.42051 ], [ 74.55165, 31.36435 ], [ 74.51036, 31.1319 ], [ 74.54836, 31.12193 ], [ 74.57127, 31.08142 ], [ 74.61067, 31.0993 ], [ 74.60305, 31.1336 ], [ 74.6891, 31.12802 ], [ 74.69593, 31.07416 ], [ 74.5968, 31.03766 ], [ 74.56823, 31.05469 ], [ 74.54616, 30.99242 ], [ 74.4164, 30.94033 ], [ 74.42272, 30.90778 ], [ 74.36591, 30.89293 ], [ 74.38209, 30.86043 ], [ 74.32039, 30.84663 ], [ 74.30197, 30.77937 ], [ 74.26017, 30.7731 ], [ 74.28646, 30.7357 ], [ 74.23266, 30.72456 ], [ 74.19332, 30.66517 ], [ 74.09604, 30.61161 ], [ 74.07228, 30.52291 ], [ 74.01203, 30.53359 ], [ 74.01999, 30.51417 ], [ 73.98199, 30.50402 ], [ 73.96413, 30.45648 ], [ 73.93445, 30.49028 ], [ 73.92626, 30.43893 ], [ 73.97379, 30.44382 ], [ 73.87978, 30.35972 ], [ 73.95653, 30.27607 ], [ 73.97228, 30.19785 ], [ 73.80656, 30.06803 ], [ 73.39693, 29.946 ], [ 73.2821, 29.57203 ], [ 73.08443, 29.23627 ], [ 73.00436, 29.15295 ], [ 72.94584, 29.02795 ], [ 72.73309, 28.94809 ], [ 72.3907, 28.77036 ], [ 72.29924, 28.66975 ], [ 72.20613, 28.39427 ], [ 72.00429, 28.21866 ], [ 71.92736, 28.12174 ], [ 71.89834, 27.96121 ], [ 71.66643, 27.87776 ], [ 71.38306, 27.87263 ], [ 71.20554, 27.83542 ], [ 70.87184, 27.7056 ], [ 70.75932, 27.72127 ], [ 70.73977, 27.74192 ], [ 70.68437, 27.82819 ], [ 70.6774, 27.92185 ], [ 70.58946, 28.01044 ], [ 70.50582, 28.03704 ], [ 70.37219, 28.01183 ], [ 70.1324, 27.80596 ], [ 70.0259, 27.56292 ], [ 69.93389, 27.49783 ], [ 69.86248, 27.40181 ], [ 69.58642, 27.18265 ], [ 69.51331, 27.00998 ], [ 69.48443, 26.80484 ], [ 69.51031, 26.7435 ], [ 69.82312, 26.58903 ], [ 70.05623, 26.60057 ], [ 70.17418, 26.55144 ], [ 70.17505, 26.25153 ], [ 70.14142, 26.15622 ], [ 70.08339, 26.08329 ], [ 70.09976, 25.93826 ], [ 70.26865, 25.7136 ], [ 70.387, 25.67383 ], [ 70.53015, 25.68348 ], [ 70.60885, 25.71497 ], [ 70.66007, 25.70215 ], [ 70.67845, 25.5252 ], [ 70.66481, 25.39688 ], [ 70.7368, 25.33256 ], [ 70.75158, 25.27782 ], [ 70.88867, 25.14817 ], [ 70.93763, 24.93856 ], [ 71.09638, 24.68854 ], [ 71.00946, 24.63542 ], [ 70.98626, 24.59546 ], [ 70.99857, 24.44443 ], [ 71.10307, 24.4357 ], [ 71.11967, 24.40249 ], [ 71.04213, 24.35125 ], [ 70.98654, 24.36471 ], [ 70.87867, 24.3014 ], [ 70.90726, 24.25878 ], [ 70.80546, 24.22085 ], [ 70.7139, 24.21565 ], [ 70.57123, 24.25173 ], [ 70.58453, 24.29036 ], [ 70.56204, 24.35446 ], [ 70.60247, 24.40812 ], [ 70.56115, 24.42088 ], [ 70.36846, 24.35077 ], [ 70.10987, 24.29497 ], [ 70.06681, 24.19916 ], [ 70.02506, 24.17128 ], [ 69.73121, 24.17106 ], [ 69.59445, 24.2924 ], [ 69.49401, 24.26778 ], [ 69.31274, 24.2816 ], [ 69.19375, 24.23611 ], [ 69.09475, 24.27449 ], [ 69.00533, 24.22312 ], [ 68.94528, 24.30249 ], [ 68.86482, 24.21278 ], [ 68.83071, 24.31186 ], [ 68.80823, 24.3136 ], [ 68.7647, 24.29584 ], [ 68.75303, 23.97131 ], [ 68.34768, 23.97438 ], [ 68.33292, 23.9251 ], [ 68.27985, 23.93082 ], [ 68.20663, 23.87196 ], [ 68.18165, 23.72163 ], [ 68.20666, 23.66889 ], [ 68.18257, 23.65504 ], [ 68.20847, 23.65067 ], [ 68.17786, 23.61409 ], [ 68.20767, 23.58616 ], [ 68.19221, 23.5867 ], [ 68.18537, 23.59555 ], [ 68.18823, 23.58181 ], [ 68.27808, 23.55973 ], [ 68.38724, 23.59479 ], [ 68.42098, 23.73321 ], [ 68.527, 23.74582 ], [ 68.58083, 23.82099 ], [ 68.69271, 23.84442 ], [ 68.71124, 23.83017 ], [ 68.68149, 23.79496 ], [ 68.65179, 23.79438 ], [ 68.64885, 23.7389 ], [ 68.61848, 23.73802 ], [ 68.63216, 23.72782 ], [ 68.58724, 23.70263 ], [ 68.55719, 23.71663 ], [ 68.54829, 23.69181 ], [ 68.56796, 23.68494 ], [ 68.52073, 23.64959 ], [ 68.52902, 23.6358 ], [ 68.51064, 23.63948 ], [ 68.48359, 23.54871 ], [ 68.52892, 23.44977 ], [ 68.54627, 23.46506 ], [ 68.54349, 23.42021 ], [ 68.62038, 23.37401 ], [ 68.65234, 23.30314 ], [ 68.66051, 23.34745 ], [ 68.6814, 23.31185 ], [ 68.71351, 23.31796 ], [ 68.69931, 23.28419 ], [ 68.72452, 23.25513 ], [ 68.62099, 23.20573 ], [ 68.66917, 23.2182 ], [ 68.68278, 23.15269 ], [ 68.71225, 23.15143 ], [ 68.74586, 23.11002 ], [ 68.78364, 23.12001 ], [ 68.76011, 23.09977 ], [ 68.77234, 23.07831 ], [ 68.78154, 23.08328 ], [ 68.77848, 23.07755 ], [ 68.77003, 23.07734 ], [ 68.76514, 23.07902 ], [ 68.76356, 23.08755 ], [ 68.74986, 23.08801 ], [ 68.75859, 23.08035 ], [ 68.8118, 23.05878 ], [ 68.81515, 23.07703 ], [ 68.87028, 23.02722 ], [ 68.81296, 23.05793 ], [ 69.19583, 22.83803 ], [ 69.38122, 22.81877 ], [ 69.47176, 22.77375 ], [ 69.4947, 22.77987 ], [ 69.41822, 22.81267 ], [ 69.47734, 22.79552 ], [ 69.57562, 22.81773 ], [ 69.66612, 22.79746 ], [ 69.96224, 22.89359 ], [ 70.10384, 22.98001 ], [ 70.14821, 23.03482 ], [ 70.15814, 23.0323 ], [ 70.13379, 23.00157 ], [ 70.13341, 22.98111 ], [ 70.12112, 22.96263 ], [ 70.16439, 22.93828 ], [ 70.22641, 22.95182 ], [ 70.21082, 23.07463 ], [ 70.14929, 23.037 ], [ 70.20877, 23.16035 ], [ 70.24968, 23.17789 ], [ 70.26757, 23.17846 ], [ 70.30193, 23.22369 ], [ 70.42476, 23.23725 ], [ 70.50124, 23.17812 ], [ 70.57896, 23.17771 ], [ 70.64902, 23.19204 ], [ 70.6508, 23.2239 ], [ 70.728, 23.20586 ], [ 70.76768, 23.2461 ], [ 70.81225, 23.23007 ], [ 70.8331, 23.24989 ], [ 70.89313, 23.2247 ], [ 70.86292, 23.19236 ], [ 70.95923, 23.19482 ], [ 70.82756, 23.15742 ], [ 70.85822, 23.12971 ], [ 70.82856, 23.07991 ], [ 70.81607, 23.16457 ], [ 70.78718, 23.15069 ], [ 70.76762, 23.16703 ], [ 70.76544, 23.14538 ], [ 70.59712, 23.06094 ], [ 70.60216, 23.03425 ], [ 70.5617, 23.029 ], [ 70.54166, 22.95958 ], [ 70.43266, 22.96706 ], [ 70.53515, 22.91206 ], [ 70.49109, 22.88989 ], [ 70.46232, 22.83131 ], [ 70.27869, 22.72527 ], [ 70.26351, 22.65346 ], [ 70.17918, 22.56752 ], [ 70.18472, 22.52216 ], [ 70.12415, 22.51262 ], [ 70.12021, 22.48635 ], [ 70.07312, 22.51783 ], [ 69.98766, 22.51047 ], [ 69.97926, 22.46817 ], [ 69.93985, 22.48279 ], [ 69.871, 22.42297 ], [ 69.83282, 22.44707 ], [ 69.79653, 22.37774 ], [ 69.79185, 22.38017 ], [ 69.79124, 22.38357 ], [ 69.79758, 22.40458 ], [ 69.78972, 22.41377 ], [ 69.73283, 22.44283 ], [ 69.73069, 22.48455 ], [ 69.69615, 22.45253 ], [ 69.70216, 22.39869 ], [ 69.66091, 22.39624 ], [ 69.65537, 22.35957 ], [ 69.62113, 22.37183 ], [ 69.61735, 22.34542 ], [ 69.59766, 22.34616 ], [ 69.54044, 22.37721 ], [ 69.42319, 22.31601 ], [ 69.33273, 22.32783 ], [ 69.33605, 22.30507 ], [ 69.2928, 22.28679 ], [ 69.28383, 22.25458 ], [ 69.25282, 22.26644 ], [ 69.21282, 22.21035 ], [ 69.1903, 22.24364 ], [ 69.15575, 22.19514 ], [ 69.1364, 22.19555 ], [ 69.13379, 22.22264 ], [ 69.19474, 22.42191 ], [ 69.12117, 22.37564 ], [ 69.11049, 22.40994 ], [ 69.03564, 22.39019 ], [ 69.03947, 22.44571 ], [ 69.08362, 22.47459 ], [ 69.06812, 22.48138 ], [ 68.98448, 22.41344 ], [ 69.0, 22.4041 ], [ 68.99637, 22.4016 ], [ 68.98177, 22.4016 ], [ 68.97713, 22.40355 ], [ 68.93576, 22.31183 ], [ 68.95822, 22.2381 ], [ 69.21655, 21.95751 ], [ 69.61596, 21.62455 ], [ 70.18135, 21.03606 ], [ 70.43772, 20.8529 ], [ 70.82179, 20.69136 ], [ 70.87805, 20.70978 ], [ 70.97696, 20.7028 ], [ 71.00544, 20.73917 ], [ 71.05061, 20.73042 ], [ 71.08651, 20.75555 ], [ 71.14808, 20.75825 ], [ 71.15615, 20.77771 ], [ 71.20916, 20.80085 ], [ 71.32173, 20.84665 ], [ 71.38407, 20.85676 ], [ 71.37992, 20.87426 ], [ 71.43998, 20.86952 ], [ 71.51665, 20.94812 ], [ 71.56558, 20.94895 ], [ 71.60749, 20.97796 ], [ 71.64771, 20.97465 ], [ 71.64708, 20.9942 ], [ 71.71668, 21.02075 ], [ 71.80586, 21.03806 ], [ 71.81308, 21.06747 ], [ 71.89833, 21.10994 ], [ 72.01023, 21.13467 ], [ 72.01779, 21.15391 ], [ 72.08767, 21.19188 ], [ 72.11205, 21.19863 ], [ 72.08267, 21.24514 ], [ 72.10784, 21.30247 ], [ 72.23535, 21.45601 ], [ 72.30613, 21.62601 ], [ 72.20282, 21.81906 ], [ 72.23548, 21.81204 ], [ 72.24246, 21.82981 ], [ 72.2042, 21.89107 ], [ 72.21167, 21.96207 ], [ 72.26887, 21.9706 ], [ 72.30003, 22.03337 ], [ 72.54373, 22.22307 ], [ 72.62418, 22.23391 ], [ 72.69896, 22.19991 ], [ 72.84922, 22.27495 ], [ 72.8538, 22.23885 ], [ 72.78276, 22.19287 ], [ 72.78268, 22.15757 ], [ 72.64996, 22.21546 ], [ 72.58096, 22.19915 ], [ 72.54316, 22.12634 ], [ 72.54854, 21.99105 ], [ 72.52589, 21.95987 ], [ 72.53054, 21.95508 ], [ 72.54786, 21.96439 ], [ 72.52797, 21.93702 ], [ 72.54536, 21.91099 ], [ 72.63999, 21.95683 ], [ 72.70781, 21.9534 ], [ 72.72522, 21.99647 ], [ 72.74829, 21.96746 ], [ 72.6919, 21.94187 ], [ 72.69127, 21.88258 ], [ 72.64817, 21.89731 ], [ 72.62335, 21.88375 ], [ 72.62043, 21.82993 ], [ 72.59302, 21.80492 ], [ 72.60717, 21.75305 ], [ 72.53247, 21.7181 ], [ 72.54355, 21.66051 ], [ 72.60809, 21.68806 ], [ 72.73808, 21.69097 ], [ 72.80129, 21.65769 ], [ 72.86191, 21.68759 ], [ 72.96298, 21.67403 ], [ 72.87724, 21.67256 ], [ 72.86791, 21.64222 ], [ 72.82846, 21.65091 ], [ 72.83015, 21.62845 ], [ 72.80224, 21.58721 ], [ 72.75445, 21.56628 ], [ 72.76006, 21.56033 ], [ 72.77022, 21.56252 ], [ 72.75, 21.52752 ], [ 72.70283, 21.52567 ], [ 72.57958, 21.41386 ], [ 72.61312, 21.40011 ], [ 72.6873, 21.45244 ], [ 72.67933, 21.43996 ], [ 72.60117, 21.38862 ], [ 72.60034, 21.28987 ], [ 72.62226, 21.24259 ], [ 72.65735, 21.22465 ], [ 72.6199, 21.10075 ], [ 72.64154, 21.08515 ], [ 72.66982, 21.11504 ], [ 72.68479, 21.08297 ], [ 72.70247, 21.09616 ], [ 72.74119, 21.07446 ], [ 72.74893, 21.05722 ], [ 72.72618, 21.06103 ], [ 72.72216, 21.03773 ], [ 72.75465, 20.93866 ], [ 72.82037, 20.9523 ], [ 72.81998, 20.9275 ], [ 72.78017, 20.92115 ], [ 72.83924, 20.80525 ], [ 72.82021, 20.7938 ], [ 72.85294, 20.75681 ], [ 72.89799, 20.58487 ], [ 72.88594, 20.49768 ], [ 72.82014, 20.43391 ], [ 72.8046, 20.37227 ], [ 72.82327, 20.3659 ], [ 72.7566, 20.29016 ], [ 72.74659, 20.11614 ], [ 72.70788, 20.07003 ], [ 72.72198, 19.97062 ], [ 72.66422, 19.93349 ], [ 72.68027, 19.8649 ], [ 72.64806, 19.87005 ], [ 72.64199, 19.84398 ], [ 72.68285, 19.79349 ], [ 72.67552, 19.71571 ], [ 72.70814, 19.70381 ], [ 72.69913, 19.66148 ], [ 72.72534, 19.60957 ], [ 72.71109, 19.54078 ], [ 72.71973, 19.50077 ], [ 72.74955, 19.48927 ], [ 72.75993, 19.39271 ], [ 72.74469, 19.37804 ], [ 72.80019, 19.32385 ], [ 72.82995, 19.33462 ], [ 72.77865, 19.27892 ], [ 72.78607, 19.13352 ], [ 72.81163, 19.14523 ], [ 72.83322, 19.08483 ], [ 72.81701, 19.04147 ], [ 72.83863, 19.04652 ], [ 72.7925, 18.94991 ], [ 72.82361, 18.94125 ], [ 72.80356, 18.89881 ], [ 72.81195, 18.89513 ], [ 72.84337, 18.93029 ], [ 72.87824, 19.02194 ], [ 72.8853, 18.98148 ], [ 72.94711, 18.98685 ], [ 72.95917, 18.95716 ], [ 72.93706, 18.90933 ], [ 72.90407, 18.90444 ], [ 72.91835, 18.85541 ], [ 72.96099, 18.84104 ], [ 72.99539, 18.87151 ], [ 72.97509, 18.8395 ], [ 72.99594, 18.77302 ], [ 72.94515, 18.82638 ], [ 72.91449, 18.80032 ], [ 72.86581, 18.80762 ], [ 72.86006, 18.63351 ], [ 72.92116, 18.55055 ], [ 72.89373, 18.47179 ], [ 72.92595, 18.38344 ], [ 72.91522, 18.35514 ], [ 72.98648, 18.28228 ], [ 72.97302, 18.26616 ], [ 72.93805, 18.28372 ], [ 72.93178, 18.22042 ], [ 72.98093, 18.19629 ], [ 72.99038, 18.05577 ], [ 73.02129, 18.02745 ], [ 73.00513, 18.01967 ], [ 73.04026, 17.97844 ], [ 73.03081, 17.94281 ], [ 73.075, 17.88253 ], [ 73.08936, 17.81234 ], [ 73.09858, 17.80822 ], [ 73.10315, 17.80298 ], [ 73.10659, 17.79302 ], [ 73.11081, 17.79019 ], [ 73.12122, 17.7667 ], [ 73.1331, 17.72442 ], [ 73.11363, 17.68981 ], [ 73.15265, 17.59937 ], [ 73.1371, 17.55589 ], [ 73.17393, 17.51691 ], [ 73.19865, 17.43909 ], [ 73.16729, 17.40438 ], [ 73.20558, 17.38733 ], [ 73.23556, 17.28811 ], [ 73.25877, 17.28603 ], [ 73.22925, 17.28248 ], [ 73.22265, 17.30633 ], [ 73.19064, 17.29931 ], [ 73.24341, 17.22516 ], [ 73.23163, 17.19914 ], [ 73.28247, 17.1072 ], [ 73.28671, 17.05425 ], [ 73.27703, 17.0363 ], [ 73.25821, 17.04877 ], [ 73.25537, 17.02771 ], [ 73.28405, 17.0111 ], [ 73.27124, 16.98509 ], [ 73.27928, 16.9934 ], [ 73.29972, 16.98188 ], [ 73.27858, 16.89304 ], [ 73.303, 16.89141 ], [ 73.28914, 16.84429 ], [ 73.31914, 16.79534 ], [ 73.30444, 16.76587 ], [ 73.32302, 16.63862 ], [ 73.35519, 16.61895 ], [ 73.31742, 16.60167 ], [ 73.34525, 16.57258 ], [ 73.31087, 16.54144 ], [ 73.43964, 16.19133 ], [ 73.46492, 16.08694 ], [ 73.45817, 16.08603 ], [ 73.46475, 16.07616 ], [ 73.4649, 16.06698 ], [ 73.45639, 16.05279 ], [ 73.46722, 16.05373 ], [ 73.48436, 16.03371 ], [ 73.51011, 15.94046 ], [ 73.58697, 15.91061 ], [ 73.62609, 15.85177 ], [ 73.65626, 15.79576 ], [ 73.66435, 15.7531 ], [ 73.65761, 15.74707 ], [ 73.64986, 15.7449 ], [ 73.68322, 15.72034 ], [ 73.73942, 15.73448 ], [ 73.72631, 15.71705 ], [ 73.68937, 15.71801 ], [ 73.78971, 15.4638 ], [ 73.78369, 15.4081 ], [ 73.84243, 15.35841 ], [ 73.87918, 15.3619 ], [ 73.9565, 15.1355 ], [ 73.91288, 15.08357 ], [ 73.98836, 15.05514 ], [ 73.98948, 15.01892 ], [ 74.02104, 15.01717 ], [ 74.04104, 14.99543 ], [ 74.0442, 14.9166 ], [ 74.09588, 14.89823 ], [ 74.12479, 14.83955 ], [ 74.12426, 14.805 ], [ 74.09277, 14.804 ], [ 74.119, 14.77425 ], [ 74.14139, 14.77919 ], [ 74.15211, 14.74706 ], [ 74.17716, 14.75056 ], [ 74.20843, 14.71764 ], [ 74.20381, 14.73639 ], [ 74.22676, 14.74798 ], [ 74.24932, 14.74118 ], [ 74.28253, 14.67655 ], [ 74.28644, 14.63421 ], [ 74.27039, 14.62723 ], [ 74.27358, 14.62748 ], [ 74.293, 14.59649 ], [ 74.31473, 14.54572 ], [ 74.31022, 14.52137 ], [ 74.35573, 14.52086 ], [ 74.40138, 14.3955 ], [ 74.44166, 14.22457 ], [ 74.46893, 14.18868 ], [ 74.51398, 13.98686 ], [ 74.56921, 13.94678 ], [ 74.60993, 13.86555 ], [ 74.66851, 13.64017 ], [ 74.69359, 13.34371 ], [ 74.71637, 13.31258 ], [ 74.82443, 12.84906 ], [ 75.20106, 12.00609 ], [ 75.22911, 12.02261 ], [ 75.25033, 12.00819 ], [ 75.35568, 11.8598 ], [ 75.38576, 11.85634 ], [ 75.509, 11.73113 ], [ 75.61678, 11.47641 ], [ 75.68161, 11.44962 ], [ 75.73081, 11.35833 ], [ 75.8467, 11.06287 ], [ 75.9101, 10.78613 ], [ 76.10033, 10.38147 ], [ 76.2412, 9.96765 ], [ 76.33025, 9.44125 ], [ 76.54673, 8.90391 ], [ 76.63143, 8.83653 ], [ 77.01115, 8.35474 ], [ 77.3158, 8.12184 ], [ 77.55093, 8.07796 ], [ 77.57711, 8.13672 ], [ 77.74471, 8.17692 ], [ 77.80292, 8.24017 ], [ 78.06743, 8.37327 ], [ 78.06389, 8.41799 ], [ 78.13059, 8.49691 ], [ 78.12564, 8.66509 ], [ 78.16299, 8.74135 ], [ 78.19825, 8.76108 ], [ 78.19913, 8.78748 ], [ 78.18706, 8.76414 ], [ 78.15808, 8.79696 ], [ 78.18664, 8.92359 ], [ 78.21504, 8.96604 ], [ 78.4087, 9.11135 ], [ 78.57825, 9.131 ], [ 78.65707, 9.15769 ], [ 78.64221, 9.17468 ], [ 78.6638, 9.19362 ], [ 78.71726, 9.18954 ], [ 78.7326, 9.21189 ], [ 78.8611, 9.2554 ], [ 78.97893, 9.27485 ], [ 79.08072, 9.26121 ], [ 79.2092, 9.2824 ], [ 79.21983, 9.25734 ], [ 79.30964, 9.24205 ], [ 79.4355, 9.15779 ], [ 79.43584, 9.16417 ], [ 79.41644, 9.1871 ], [ 79.324, 9.26358 ], [ 79.33516, 9.31205 ], [ 79.31799, 9.32584 ], [ 79.26593, 9.29274 ], [ 79.18413, 9.28281 ], [ 79.07112, 9.29504 ], [ 79.01309, 9.33237 ], [ 78.90046, 9.4683 ], [ 78.92515, 9.585 ], [ 79.01315, 9.74484 ], [ 79.11995, 9.85374 ], [ 79.11127, 9.89284 ], [ 79.11845, 9.89065 ], [ 79.12404, 9.88356 ], [ 79.13887, 9.92086 ], [ 79.26611, 10.03923 ], [ 79.22715, 10.07358 ], [ 79.2191, 10.1126 ], [ 79.24154, 10.18487 ], [ 79.29846, 10.2633 ], [ 79.3959, 10.31864 ], [ 79.54413, 10.32489 ], [ 79.53074, 10.30917 ], [ 79.76766, 10.27181 ], [ 79.77754, 10.28462 ], [ 79.74872, 10.31438 ], [ 79.78339, 10.29606 ], [ 79.78009, 10.27247 ], [ 79.86032, 10.28241 ], [ 79.88044, 10.30469 ], [ 79.84102, 10.6763 ], [ 79.85843, 11.12927 ], [ 79.8426, 11.35074 ], [ 79.76753, 11.51168 ], [ 79.76065, 11.62437 ], [ 79.87898, 12.05449 ], [ 80.15709, 12.46825 ], [ 80.25515, 12.7827 ], [ 80.2594, 12.93455 ], [ 80.34527, 13.27989 ], [ 80.32602, 13.44168 ], [ 80.23728, 13.63596 ], [ 80.25064, 13.79601 ], [ 80.13378, 14.09691 ], [ 80.13011, 14.23116 ], [ 80.16857, 14.35485 ], [ 80.19551, 14.58583 ], [ 80.09772, 14.77955 ], [ 80.04698, 15.0786 ], [ 80.08903, 15.21193 ], [ 80.08474, 15.28334 ], [ 80.20496, 15.47389 ], [ 80.19423, 15.50501 ], [ 80.22479, 15.53348 ], [ 80.23506, 15.59059 ], [ 80.22063, 15.60092 ], [ 80.28416, 15.68777 ], [ 80.42856, 15.80468 ], [ 80.68061, 15.8854 ], [ 80.80702, 15.84045 ], [ 80.80091, 15.80579 ], [ 80.77963, 15.8353 ], [ 80.81753, 15.74936 ], [ 80.82227, 15.71042 ], [ 80.81671, 15.71699 ], [ 80.81143, 15.72706 ], [ 80.81024, 15.73526 ], [ 80.79122, 15.75363 ], [ 80.79965, 15.77677 ], [ 80.79046, 15.76986 ], [ 80.78772, 15.76426 ], [ 80.78843, 15.75723 ], [ 80.79808, 15.74242 ], [ 80.80923, 15.73497 ], [ 80.80964, 15.72193 ], [ 80.82152, 15.70934 ], [ 80.93722, 15.7144 ], [ 81.00846, 15.75293 ], [ 81.00477, 15.8378 ], [ 81.14805, 15.9737 ], [ 81.21376, 16.20722 ], [ 81.30301, 16.3021 ], [ 81.48724, 16.35507 ], [ 81.69064, 16.32747 ], [ 81.72079, 16.30686 ], [ 81.87815, 16.38263 ], [ 81.95773, 16.39237 ], [ 82.23491, 16.54601 ], [ 82.29948, 16.55594 ], [ 82.31285, 16.56349 ], [ 82.31367, 16.55874 ], [ 82.31344, 16.56482 ], [ 82.31067, 16.56774 ], [ 82.30087, 16.56239 ], [ 82.29915, 16.57224 ], [ 82.29964, 16.55819 ], [ 82.28999, 16.55487 ], [ 82.29711, 16.5676 ], [ 82.26308, 16.56302 ], [ 82.29882, 16.58644 ], [ 82.28426, 16.62603 ], [ 82.31214, 16.62708 ], [ 82.31282, 16.66801 ], [ 82.31887, 16.57683 ], [ 82.32905, 16.61448 ], [ 82.31729, 16.66227 ], [ 82.36534, 16.70665 ], [ 82.34645, 16.71564 ], [ 82.354, 16.70563 ], [ 82.32769, 16.68492 ], [ 82.34493, 16.70455 ], [ 82.33334, 16.71673 ], [ 82.3418, 16.72844 ], [ 82.36527, 16.87599 ], [ 82.36636, 16.91136 ], [ 82.35565, 16.96779 ], [ 82.32626, 16.98833 ], [ 82.35771, 16.95003 ], [ 82.36157, 16.85445 ], [ 82.31423, 16.84588 ], [ 82.24827, 16.87647 ], [ 82.24144, 16.90804 ], [ 82.31931, 17.05785 ], [ 82.59626, 17.28279 ], [ 82.99207, 17.47255 ], [ 83.03123, 17.51332 ], [ 83.21232, 17.59074 ], [ 83.29693, 17.69371 ], [ 83.34594, 17.72605 ], [ 83.41087, 17.80936 ], [ 83.40707, 17.84094 ], [ 83.54185, 17.96118 ], [ 83.56937, 18.0118 ], [ 83.80526, 18.15404 ], [ 83.79497, 18.1684 ], [ 83.86039, 18.17428 ], [ 84.12686, 18.31337 ], [ 84.14741, 18.37342 ], [ 84.35473, 18.55491 ], [ 84.55193, 18.79104 ], [ 84.55784, 18.81775 ], [ 84.58653, 18.86665 ], [ 84.68448, 18.96747 ], [ 84.815, 19.16211 ], [ 84.93331, 19.27882 ], [ 85.32275, 19.57038 ], [ 85.63703, 19.7255 ], [ 86.40783, 19.96944 ], [ 86.378, 19.96683 ], [ 86.52044, 20.17013 ], [ 86.68019, 20.25994 ], [ 86.66925, 20.27572 ], [ 86.67984, 20.26422 ], [ 86.74753, 20.30697 ], [ 86.79802, 20.3634 ], [ 86.77879, 20.35662 ], [ 86.78185, 20.36586 ], [ 86.78894, 20.37462 ], [ 86.79727, 20.37576 ], [ 86.78091, 20.37862 ], [ 86.7762, 20.40542 ], [ 86.74645, 20.37861 ], [ 86.73924, 20.40081 ], [ 86.72438, 20.39385 ], [ 86.73427, 20.4641 ], [ 86.77525, 20.52075 ], [ 87.05825, 20.71676 ], [ 87.00004, 20.69784 ], [ 86.99248, 20.77023 ], [ 86.94416, 20.76648 ], [ 86.98088, 20.85705 ], [ 86.8479, 21.0955 ], [ 86.85629, 21.2056 ], [ 86.82935, 21.20865 ], [ 86.8925, 21.31843 ], [ 87.1185, 21.5171 ], [ 87.25, 21.55678 ], [ 87.36987, 21.5534 ], [ 87.41075, 21.58594 ], [ 87.55356, 21.63805 ], [ 87.64393, 21.66311 ], [ 87.67396, 21.65253 ], [ 87.74722, 21.70006 ], [ 87.8103, 21.70738 ], [ 87.96808, 21.85477 ], [ 88.05569, 22.02018 ], [ 88.15193, 22.0624 ], [ 88.18943, 22.10808 ], [ 88.13589, 22.18478 ], [ 88.00675, 22.20263 ], [ 87.94764, 22.25475 ], [ 87.95593, 22.26973 ], [ 88.06057, 22.20577 ], [ 88.08461, 22.25634 ], [ 88.08768, 22.24242 ], [ 88.07024, 22.21121 ], [ 88.16858, 22.19717 ], [ 88.20531, 22.16454 ], [ 88.21473, 22.03859 ], [ 88.14975, 21.95688 ], [ 88.17105, 21.92856 ], [ 88.16344, 21.88367 ], [ 88.19725, 21.84102 ], [ 88.21529, 21.77803 ], [ 88.22043, 21.70188 ], [ 88.19975, 21.6827 ], [ 88.23313, 21.66882 ], [ 88.21846, 21.61593 ], [ 88.25399, 21.55835 ], [ 88.31029, 21.58131 ], [ 88.28442, 21.60071 ], [ 88.30378, 21.66986 ], [ 88.27484, 21.7274 ], [ 88.28297, 21.78946 ], [ 88.29996, 21.78141 ], [ 88.3208, 21.70874 ], [ 88.3443, 21.72104 ], [ 88.34281, 21.76133 ], [ 88.41742, 21.81316 ], [ 88.4604, 21.79244 ], [ 88.44737, 21.81299 ], [ 88.48786, 21.84038 ], [ 88.48304, 21.87203 ], [ 88.45066, 21.90492 ], [ 88.43431, 21.89897 ], [ 88.41805, 21.90261 ], [ 88.4212, 21.90408 ], [ 88.4311, 21.9012 ], [ 88.43876, 21.90601 ], [ 88.44959, 21.90566 ], [ 88.47438, 21.89366 ], [ 88.47956, 21.90666 ], [ 88.51113, 21.92756 ], [ 88.49643, 21.87714 ], [ 88.53717, 21.85648 ], [ 88.51863, 21.87561 ], [ 88.52972, 21.8725 ], [ 88.53876, 21.86324 ], [ 88.54103, 21.90742 ], [ 88.56875, 21.90408 ], [ 88.54883, 21.92027 ], [ 88.5349, 21.96873 ], [ 88.55398, 21.97636 ], [ 88.57448, 21.96159 ], [ 88.57124, 22.00044 ], [ 88.58116, 22.00004 ], [ 88.59504, 21.98872 ], [ 88.6317, 22.01169 ], [ 88.63072, 21.95436 ], [ 88.67862, 21.94309 ], [ 88.7102, 21.99595 ], [ 88.75146, 22.00623 ], [ 88.72549, 21.97954 ], [ 88.69376, 21.74531 ], [ 88.74479, 21.66083 ], [ 88.80794, 21.66268 ], [ 88.80993, 21.70448 ], [ 88.7687, 21.69369 ], [ 88.75655, 21.70297 ], [ 88.77757, 21.72128 ], [ 88.75235, 21.7333 ], [ 88.74553, 21.77324 ], [ 88.78115, 21.82517 ], [ 88.76568, 21.78636 ], [ 88.75013, 21.77049 ], [ 88.76721, 21.76331 ], [ 88.75587, 21.73532 ], [ 88.79383, 21.73701 ], [ 88.76271, 21.70197 ], [ 88.81459, 21.71073 ], [ 88.80449, 21.63716 ], [ 88.84559, 21.6191 ], [ 88.86155, 21.64094 ], [ 88.84116, 21.71688 ], [ 88.8647, 21.76144 ], [ 88.82148, 21.78144 ], [ 88.8398, 21.88636 ], [ 88.80575, 21.93807 ], [ 88.90436, 21.92789 ], [ 88.90247, 22.00385 ], [ 88.91781, 21.98093 ], [ 88.93817, 22.01186 ], [ 88.94425, 21.9871 ], [ 88.92486, 21.96365 ], [ 88.94548, 21.9293 ], [ 89.0125, 21.90327 ], [ 88.98831, 21.95159 ], [ 89.00975, 21.9795 ], [ 88.98771, 21.97164 ], [ 88.96869, 21.99619 ], [ 88.98629, 21.98682 ], [ 88.98938, 21.97426 ], [ 89.00032, 21.98767 ], [ 89.02906, 22.00173 ], [ 89.02717, 21.99751 ], [ 89.00123, 21.9864 ], [ 89.01182, 21.98426 ], [ 89.0141, 21.97672 ], [ 88.99739, 21.95025 ], [ 89.069, 21.93286 ], [ 89.07686, 22.00841 ], [ 89.03786, 22.09421 ], [ 89.09855, 22.15342 ], [ 89.07184, 22.14625 ], [ 89.07161, 22.19689 ], [ 88.9951, 22.28626 ], [ 89.02455, 22.29716 ], [ 88.98448, 22.3267 ], [ 88.99425, 22.38873 ], [ 88.97191, 22.40989 ], [ 89.00007, 22.42984 ], [ 88.99612, 22.46895 ], [ 88.9407, 22.56135 ], [ 88.96008, 22.61663 ], [ 88.93495, 22.6212 ], [ 88.92711, 22.64965 ], [ 88.96237, 22.69497 ], [ 88.911, 22.75773 ], [ 88.95789, 22.79586 ], [ 88.96864, 22.8443 ], [ 88.94537, 22.88067 ], [ 88.90943, 22.87986 ], [ 88.89426, 22.952 ], [ 88.85944, 22.94319 ], [ 88.87097, 22.97863 ], [ 88.84509, 23.00986 ], [ 88.87975, 23.00633 ], [ 88.86845, 23.10107 ], [ 88.99572, 23.2147 ], [ 88.97593, 23.22443 ], [ 88.94263, 23.20611 ], [ 88.90685, 23.23596 ], [ 88.82382, 23.23341 ], [ 88.81146, 23.25609 ], [ 88.81144, 23.22155 ], [ 88.7898, 23.21834 ], [ 88.76954, 23.24484 ], [ 88.71889, 23.2548 ], [ 88.69636, 23.30229 ], [ 88.7453, 23.30782 ], [ 88.73203, 23.35199 ], [ 88.76543, 23.36788 ], [ 88.74926, 23.40055 ], [ 88.76431, 23.44821 ], [ 88.79532, 23.44302 ], [ 88.80079, 23.49712 ], [ 88.74142, 23.47968 ], [ 88.65425, 23.55615 ], [ 88.64553, 23.60928 ], [ 88.58007, 23.60297 ], [ 88.59376, 23.64081 ], [ 88.55821, 23.64915 ], [ 88.58081, 23.76054 ], [ 88.55604, 23.78421 ], [ 88.60213, 23.81722 ], [ 88.57564, 23.86155 ], [ 88.66759, 23.86945 ], [ 88.7064, 23.91627 ], [ 88.7334, 23.91098 ], [ 88.73824, 23.98299 ], [ 88.76895, 23.9822 ], [ 88.76019, 24.00606 ], [ 88.72905, 23.99611 ], [ 88.75749, 24.0321 ], [ 88.72475, 24.04161 ], [ 88.74163, 24.05712 ], [ 88.69319, 24.11115 ], [ 88.74649, 24.14706 ], [ 88.73544, 24.2765 ], [ 88.69659, 24.31535 ], [ 88.62849, 24.30509 ], [ 88.56769, 24.32665 ], [ 88.55513, 24.29334 ], [ 88.52712, 24.34438 ], [ 88.44643, 24.37858 ], [ 88.33398, 24.38139 ], [ 88.27192, 24.44058 ], [ 88.1984, 24.4625 ], [ 88.14076, 24.51124 ], [ 88.00876, 24.66783 ], [ 88.06285, 24.7216 ], [ 88.06831, 24.76915 ], [ 88.1061, 24.77957 ], [ 88.12354, 24.82311 ], [ 88.13628, 24.80528 ], [ 88.13191, 24.83601 ], [ 88.17502, 24.86015 ], [ 88.13804, 24.93616 ], [ 88.22611, 24.95971 ], [ 88.26052, 24.91918 ], [ 88.25827, 24.87755 ], [ 88.27608, 24.8978 ], [ 88.33062, 24.87014 ], [ 88.3409, 24.94063 ], [ 88.39884, 24.94532 ], [ 88.41209, 24.99881 ], [ 88.45266, 25.03687 ], [ 88.43497, 25.05596 ], [ 88.4614, 25.14939 ], [ 88.44369, 25.1973 ], [ 88.49915, 25.21039 ], [ 88.56558, 25.17509 ], [ 88.61272, 25.20417 ], [ 88.71148, 25.20766 ], [ 88.7491, 25.17685 ], [ 88.7694, 25.18985 ], [ 88.80586, 25.17045 ], [ 88.84376, 25.21381 ], [ 88.92308, 25.16491 ], [ 88.94882, 25.17658 ], [ 88.93644, 25.21052 ], [ 88.96177, 25.20907 ], [ 88.95616, 25.25494 ], [ 89.0079, 25.2649 ], [ 89.0089, 25.30307 ], [ 88.92946, 25.30408 ], [ 88.90629, 25.33769 ], [ 88.88512, 25.32562 ], [ 88.84018, 25.36376 ], [ 88.84086, 25.39763 ], [ 88.8123, 25.41054 ], [ 88.83933, 25.45834 ], [ 88.81089, 25.52294 ], [ 88.75869, 25.52524 ], [ 88.76885, 25.49854 ], [ 88.70752, 25.49987 ], [ 88.6995, 25.47119 ], [ 88.64705, 25.47782 ], [ 88.60909, 25.5163 ], [ 88.53995, 25.5083 ], [ 88.53309, 25.5421 ], [ 88.49351, 25.55885 ], [ 88.49992, 25.58395 ], [ 88.44435, 25.59692 ], [ 88.45382, 25.66494 ], [ 88.40169, 25.67256 ], [ 88.37425, 25.71707 ], [ 88.26651, 25.78245 ], [ 88.26955, 25.80818 ], [ 88.20951, 25.78681 ], [ 88.18377, 25.80169 ], [ 88.15149, 25.77555 ], [ 88.11448, 25.79794 ], [ 88.08596, 25.91598 ], [ 88.12237, 25.94837 ], [ 88.13971, 26.01292 ], [ 88.18321, 26.02678 ], [ 88.18335, 26.07289 ], [ 88.15838, 26.07983 ], [ 88.17728, 26.14806 ], [ 88.35051, 26.22042 ], [ 88.34967, 26.28225 ], [ 88.41494, 26.31482 ], [ 88.40435, 26.32983 ], [ 88.43558, 26.33577 ], [ 88.45772, 26.37666 ], [ 88.48236, 26.3497 ], [ 88.52335, 26.36082 ], [ 88.48525, 26.46026 ], [ 88.37124, 26.48821 ], [ 88.35482, 26.44702 ], [ 88.33187, 26.48181 ], [ 88.39838, 26.626 ], [ 88.41607, 26.63162 ], [ 88.43716, 26.54407 ], [ 88.48501, 26.54069 ], [ 88.48975, 26.51036 ], [ 88.55676, 26.4848 ], [ 88.56093, 26.45646 ], [ 88.62289, 26.47108 ], [ 88.62377, 26.43479 ], [ 88.70227, 26.38844 ], [ 88.68101, 26.37941 ], [ 88.70276, 26.33439 ], [ 88.7453, 26.34786 ], [ 88.74651, 26.32239 ], [ 88.67513, 26.32007 ], [ 88.66623, 26.26266 ], [ 88.79356, 26.30997 ], [ 88.84173, 26.23072 ], [ 88.87786, 26.23338 ], [ 88.86139, 26.27266 ], [ 88.89827, 26.28864 ], [ 88.95732, 26.2403 ], [ 89.05069, 26.24165 ], [ 89.05947, 26.29343 ], [ 89.04512, 26.27514 ], [ 89.02159, 26.30902 ], [ 88.99574, 26.29024 ], [ 88.98722, 26.34832 ], [ 88.96141, 26.3523 ], [ 88.9524, 26.33223 ], [ 88.95843, 26.36168 ], [ 88.91858, 26.35986 ], [ 88.90479, 26.40846 ], [ 88.92656, 26.40679 ], [ 88.95584, 26.46021 ], [ 88.98327, 26.44651 ], [ 88.99404, 26.41282 ], [ 89.08741, 26.39765 ], [ 89.07971, 26.36282 ], [ 89.10134, 26.33653 ], [ 89.0836, 26.32202 ], [ 89.13631, 26.32011 ], [ 89.12213, 26.28715 ], [ 89.10471, 26.3158 ], [ 89.1001, 26.27947 ], [ 89.14094, 26.23584 ], [ 89.15538, 26.13861 ], [ 89.22944, 26.12385 ], [ 89.2668, 26.09264 ], [ 89.25441, 26.06412 ], [ 89.28105, 26.06562 ], [ 89.27576, 26.04908 ], [ 89.35539, 26.00835 ], [ 89.39279, 26.00719 ], [ 89.42384, 26.04692 ], [ 89.4328, 26.0375 ], [ 89.43082, 26.01112 ], [ 89.5409, 26.0059 ], [ 89.54036, 25.96998 ], [ 89.57787, 25.96928 ], [ 89.6054, 26.06375 ], [ 89.65009, 26.06324 ], [ 89.62996, 26.10704 ], [ 89.60862, 26.08839 ], [ 89.59388, 26.10216 ], [ 89.63036, 26.11842 ], [ 89.60424, 26.11745 ], [ 89.59118, 26.15729 ], [ 89.60997, 26.15434 ], [ 89.60878, 26.1806 ], [ 89.64933, 26.16443 ], [ 89.65548, 26.18141 ], [ 89.62781, 26.18391 ], [ 89.65, 26.19021 ], [ 89.63444, 26.22941 ], [ 89.6719, 26.21985 ], [ 89.67912, 26.23804 ], [ 89.6915, 26.21167 ], [ 89.67347, 26.20143 ], [ 89.70206, 26.17398 ], [ 89.68132, 26.16359 ], [ 89.74766, 26.15737 ], [ 89.75617, 26.10936 ], [ 89.79485, 26.08751 ], [ 89.77365, 26.03764 ], [ 89.80183, 26.04025 ], [ 89.79063, 26.01782 ], [ 89.80864, 26.04336 ], [ 89.82027, 25.98764 ], [ 89.83594, 25.98242 ], [ 89.83584, 26.0126 ], [ 89.87103, 25.9807 ], [ 89.82539, 25.9455 ], [ 89.88708, 25.9452 ], [ 89.81654, 25.8143 ], [ 89.84033, 25.76673 ], [ 89.82793, 25.72953 ], [ 89.88251, 25.6172 ], [ 89.81963, 25.38066 ], [ 89.83842, 25.29317 ], [ 89.96665, 25.30369 ], [ 90.11811, 25.22346 ], [ 90.33024, 25.19382 ], [ 90.44108, 25.14451 ], [ 90.50864, 25.17535 ], [ 90.64094, 25.17453 ], [ 90.66342, 25.19785 ], [ 90.66601, 25.1658 ], [ 90.73328, 25.15491 ], [ 90.78036, 25.18612 ], [ 90.86202, 25.15763 ], [ 91.06964, 25.19841 ], [ 91.26801, 25.20724 ], [ 91.28657, 25.18535 ], [ 91.46863, 25.15179 ], [ 91.47102, 25.13359 ], [ 91.60973, 25.17705 ], [ 91.60209, 25.14272 ], [ 91.63791, 25.12254 ], [ 91.70378, 25.16002 ], [ 91.74764, 25.14015 ], [ 91.75603, 25.1775 ], [ 91.97167, 25.16758 ], [ 92.07385, 25.18495 ], [ 92.15959, 25.1266 ], [ 92.18393, 25.11792 ], [ 92.18933, 25.13629 ], [ 92.22755, 25.09371 ], [ 92.33491, 25.07845 ], [ 92.34148, 25.04853 ], [ 92.42535, 25.02943 ], [ 92.42006, 24.96626 ], [ 92.46752, 24.9637 ], [ 92.4497, 24.93859 ], [ 92.4875, 24.94695 ], [ 92.48792, 24.87131 ], [ 92.4001, 24.84865 ], [ 92.29943, 24.91572 ], [ 92.23287, 24.90015 ], [ 92.29603, 24.73646 ], [ 92.25442, 24.67803 ], [ 92.2238, 24.51745 ], [ 92.21252, 24.50367 ], [ 92.15496, 24.52297 ], [ 92.16458, 24.41888 ], [ 92.1368, 24.42496 ], [ 92.1219, 24.38224 ], [ 92.09042, 24.37162 ], [ 91.97045, 24.38452 ], [ 91.99595, 24.32205 ], [ 91.9568, 24.35663 ], [ 91.91999, 24.33746 ], [ 91.94082, 24.26809 ], [ 91.90214, 24.13688 ], [ 91.84544, 24.19138 ], [ 91.84471, 24.22577 ], [ 91.81636, 24.20994 ], [ 91.74503, 24.24697 ], [ 91.75937, 24.14153 ], [ 91.68828, 24.16209 ], [ 91.66516, 24.23353 ], [ 91.63793, 24.10292 ], [ 91.59454, 24.09653 ], [ 91.58607, 24.0726 ], [ 91.37461, 24.10777 ], [ 91.3966, 24.04962 ], [ 91.37953, 23.97533 ], [ 91.30364, 23.99791 ], [ 91.26423, 23.94422 ], [ 91.27621, 23.92252 ], [ 91.23302, 23.92696 ], [ 91.25407, 23.83698 ], [ 91.21903, 23.73643 ], [ 91.15708, 23.74202 ], [ 91.15424, 23.68839 ], [ 91.20853, 23.6864 ], [ 91.19942, 23.64658 ], [ 91.1563, 23.67072 ], [ 91.15968, 23.61129 ], [ 91.19445, 23.54718 ], [ 91.21295, 23.55041 ], [ 91.20076, 23.52002 ], [ 91.24934, 23.49017 ], [ 91.29107, 23.35066 ], [ 91.32009, 23.36009 ], [ 91.28985, 23.31852 ], [ 91.31316, 23.3063 ], [ 91.30022, 23.29245 ], [ 91.32661, 23.25229 ], [ 91.32333, 23.15801 ], [ 91.34696, 23.1023 ], [ 91.39586, 23.05604 ], [ 91.41723, 23.06452 ], [ 91.3799, 23.18451 ], [ 91.40894, 23.28519 ], [ 91.41831, 23.25539 ], [ 91.45421, 23.26037 ], [ 91.47027, 23.22763 ], [ 91.45061, 23.21941 ], [ 91.48443, 23.20918 ], [ 91.47076, 23.19642 ], [ 91.50754, 23.18368 ], [ 91.49088, 23.1576 ], [ 91.51532, 23.14499 ], [ 91.53049, 23.03831 ], [ 91.55036, 23.03841 ], [ 91.54249, 22.99946 ], [ 91.57676, 22.96522 ], [ 91.6061, 22.97191 ], [ 91.61938, 22.93836 ], [ 91.64546, 22.98502 ], [ 91.72062, 22.98742 ], [ 91.76854, 23.04093 ], [ 91.78061, 23.02909 ], [ 91.77452, 23.06962 ], [ 91.80603, 23.06303 ], [ 91.8358, 23.09299 ], [ 91.81346, 23.0992 ], [ 91.76241, 23.30294 ], [ 91.82514, 23.35234 ], [ 91.84499, 23.40469 ], [ 91.89971, 23.4406 ], [ 91.94261, 23.43498 ], [ 91.93666, 23.4666 ], [ 91.97039, 23.47828 ], [ 91.93402, 23.68456 ], [ 91.95789, 23.69441 ], [ 91.95702, 23.73399 ], [ 91.97827, 23.73308 ], [ 92.00867, 23.6635 ], [ 92.06334, 23.64502 ], [ 92.14872, 23.73563 ], [ 92.20295, 23.7057 ], [ 92.21631, 23.65194 ], [ 92.241, 23.72071 ], [ 92.2791, 23.7164 ], [ 92.29148, 23.68123 ], [ 92.27297, 23.64194 ], [ 92.30821, 23.57771 ], [ 92.31713, 23.47165 ], [ 92.37906, 23.36183 ], [ 92.36436, 23.32292 ], [ 92.40419, 23.24066 ], [ 92.34678, 23.23567 ], [ 92.35801, 23.10327 ], [ 92.39238, 23.05645 ], [ 92.37178, 22.93617 ], [ 92.42027, 22.91835 ], [ 92.43373, 22.88579 ], [ 92.44924, 22.89501 ], [ 92.47384, 22.74621 ], [ 92.5167, 22.72217 ], [ 92.53937, 22.58915 ], [ 92.52167, 22.55988 ], [ 92.55128, 22.5133 ], [ 92.55208, 22.40897 ], [ 92.60923, 22.16402 ], [ 92.60575, 22.12339 ], [ 92.5785, 22.14341 ], [ 92.56262, 22.12802 ], [ 92.60266, 22.0611 ], [ 92.60322, 21.97763 ], [ 92.63494, 21.98322 ], [ 92.65161, 22.01591 ], [ 92.67975, 22.01155 ], [ 92.69976, 22.15507 ], [ 92.8634, 22.06267 ], [ 92.90561, 21.94023 ], [ 92.92725, 22.01564 ], [ 92.95225, 22.02971 ], [ 92.98056, 21.98006 ], [ 93.00741, 21.98233 ], [ 93.00453, 22.10359 ], [ 93.05958, 22.10125 ], [ 93.03822, 22.19503 ], [ 93.11104, 22.20403 ], [ 93.12356, 22.17355 ], [ 93.15083, 22.17626 ], [ 93.1421, 22.24546 ], [ 93.20195, 22.26309 ], [ 93.18529, 22.42815 ], [ 93.1387, 22.45452 ], [ 93.12821, 22.52365 ], [ 93.10655, 22.52703 ], [ 93.14031, 22.59227 ], [ 93.09546, 22.67249 ], [ 93.09472, 22.80619 ], [ 93.13117, 22.90609 ], [ 93.16454, 22.91049 ], [ 93.12017, 23.00244 ], [ 93.12673, 23.04387 ], [ 93.18461, 23.05954 ], [ 93.22946, 23.01165 ], [ 93.29354, 23.00644 ], [ 93.38561, 23.13384 ], [ 93.36823, 23.1441 ], [ 93.38861, 23.21692 ], [ 93.35577, 23.35189 ], [ 93.40165, 23.38375 ], [ 93.38801, 23.44638 ], [ 93.43691, 23.68704 ], [ 93.39155, 23.75669 ], [ 93.39314, 23.92884 ], [ 93.35076, 23.94165 ], [ 93.32862, 23.98538 ], [ 93.32855, 24.08115 ], [ 93.34856, 24.10479 ], [ 93.40722, 24.0797 ], [ 93.4635, 23.97337 ], [ 93.50476, 23.94219 ], [ 93.55977, 23.98207 ], [ 93.59166, 23.96059 ], [ 93.62335, 24.01092 ], [ 93.7542, 24.00542 ], [ 93.80738, 23.92708 ], [ 93.93046, 23.95025 ], [ 94.0843, 23.88143 ], [ 94.12067, 23.83285 ], [ 94.15397, 23.85315 ], [ 94.16535, 23.92964 ], [ 94.25154, 24.08191 ], [ 94.25987, 24.16226 ], [ 94.31532, 24.25268 ], [ 94.32716, 24.32766 ], [ 94.354, 24.33447 ], [ 94.38011, 24.37464 ], [ 94.36713, 24.39462 ], [ 94.39763, 24.40729 ], [ 94.40308, 24.47529 ], [ 94.52921, 24.61802 ], [ 94.54966, 24.71277 ], [ 94.60512, 24.71231 ], [ 94.63186, 24.83946 ], [ 94.7134, 24.93437 ], [ 94.69659, 24.96847 ], [ 94.74416, 25.03727 ], [ 94.73701, 25.13422 ], [ 94.60583, 25.18129 ], [ 94.57564, 25.21412 ], [ 94.6346, 25.39501 ], [ 94.66971, 25.41825 ], [ 94.68362, 25.46643 ], [ 94.75142, 25.49389 ], [ 94.78345, 25.4804 ], [ 94.84592, 25.56194 ], [ 94.8985, 25.56533 ], [ 94.88171, 25.59105 ], [ 94.91509, 25.60768 ], [ 94.93598, 25.66761 ], [ 95.04897, 25.75936 ], [ 95.01177, 25.89778 ], [ 95.03135, 25.93115 ], [ 95.12611, 25.98575 ], [ 95.18589, 26.0731 ], [ 95.11787, 26.10108 ], [ 95.14268, 26.21163 ], [ 95.1146, 26.23289 ], [ 95.13214, 26.37784 ], [ 95.062, 26.44972 ], [ 95.15419, 26.58314 ], [ 95.14893, 26.61587 ], [ 95.23423, 26.68246 ], [ 95.25901, 26.65553 ], [ 95.30289, 26.65082 ], [ 95.43138, 26.7007 ], [ 95.52866, 26.8253 ], [ 95.60849, 26.81286 ], [ 95.667, 26.90286 ], [ 95.72414, 26.8822 ], [ 95.80203, 27.0145 ], [ 95.87008, 27.0127 ], [ 95.94596, 27.05165 ], [ 96.02296, 27.18008 ], [ 96.22799, 27.27868 ], [ 96.38684, 27.28463 ], [ 96.44065, 27.30633 ], [ 96.52385, 27.28655 ], [ 96.59572, 27.33387 ], [ 96.60531, 27.36555 ], [ 96.69749, 27.35766 ], [ 96.70489, 27.37204 ], [ 96.79666, 27.34563 ], [ 96.84705, 27.2711 ], [ 96.88474, 27.25966 ], [ 96.88523, 27.22647 ], [ 96.85477, 27.21024 ], [ 96.87441, 27.18068 ], [ 96.98483, 27.1543 ], [ 97.06344, 27.09145 ], [ 97.10035, 27.10836 ], [ 97.13852, 27.09105 ], [ 97.16385, 27.14224 ], [ 96.90324, 27.45273 ], [ 96.92982, 27.52418 ], [ 96.89675, 27.60926 ], [ 96.94172, 27.66074 ], [ 96.98306, 27.66428 ], [ 97.03616, 27.74239 ], [ 97.09385, 27.74009 ], [ 97.24902, 27.8993 ], [ 97.309, 27.91499 ], [ 97.37359, 27.88018 ], [ 97.37298, 27.96803 ], [ 97.41252, 28.00887 ], [ 97.38095, 28.05927 ], [ 97.32578, 28.0527 ], [ 97.31043, 28.07452 ], [ 97.34724, 28.11049 ], [ 97.3279, 28.15021 ], [ 97.36385, 28.18909 ], [ 97.40281, 28.18187 ], [ 97.38956, 28.20694 ], [ 97.29526, 28.26188 ], [ 97.1711, 28.28567 ], [ 97.10569, 28.34696 ], [ 96.98761, 28.30333 ], [ 96.88967, 28.37849 ], [ 96.77029, 28.36703 ], [ 96.74085, 28.41381 ], [ 96.64114, 28.45779 ], [ 96.57075, 28.45232 ], [ 96.50538, 28.41098 ], [ 96.45713, 28.41382 ], [ 96.39548, 28.33592 ], [ 96.36258, 28.38636 ], [ 96.31668, 28.37757 ], [ 96.25341, 28.40705 ], [ 96.36208, 28.48034 ], [ 96.31858, 28.52596 ], [ 96.34475, 28.55401 ], [ 96.40001, 28.55928 ], [ 96.40203, 28.58095 ], [ 96.47447, 28.62178 ], [ 96.4669, 28.67518 ], [ 96.57931, 28.71159 ], [ 96.60899, 28.77983 ], [ 96.52609, 28.88246 ], [ 96.50938, 28.96637 ], [ 96.48122, 28.95852 ], [ 96.46467, 28.98314 ], [ 96.51358, 29.07396 ], [ 96.32691, 29.02802 ], [ 96.16087, 28.89783 ], [ 96.1349, 28.93523 ], [ 96.17147, 28.99919 ], [ 96.14093, 29.05828 ], [ 96.10206, 29.07899 ], [ 96.17359, 29.09922 ], [ 96.24495, 29.16576 ], [ 96.34201, 29.17838 ], [ 96.38083, 29.25461 ], [ 96.3543, 29.29205 ], [ 96.28957, 29.24463 ], [ 96.23548, 29.24189 ], [ 96.08125, 29.46108 ], [ 96.04275, 29.46073 ], [ 95.94181, 29.38765 ], [ 95.86175, 29.39512 ], [ 95.78213, 29.34139 ], [ 95.77688, 29.36165 ], [ 95.61926, 29.2497 ], [ 95.58303, 29.26061 ], [ 95.5722, 29.22281 ], [ 95.52693, 29.21566 ], [ 95.53072, 29.13049 ], [ 95.48099, 29.14307 ], [ 95.46645, 29.06646 ], [ 95.41065, 29.03052 ], [ 95.26007, 29.05408 ], [ 95.24172, 29.11062 ], [ 95.10638, 29.11891 ], [ 95.09505, 29.13959 ], [ 94.99277, 29.17076 ], [ 94.97528, 29.15654 ], [ 95.02245, 29.13394 ], [ 94.87867, 29.17503 ], [ 94.80413, 29.16241 ], [ 94.79301, 29.2153 ], [ 94.7413, 29.27474 ], [ 94.63098, 29.34124 ], [ 94.55071, 29.22075 ], [ 94.43812, 29.22319 ], [ 94.37488, 29.18495 ], [ 94.36249, 29.1526 ], [ 94.29365, 29.14535 ], [ 94.2241, 29.08783 ], [ 94.16446, 28.95746 ], [ 94.00724, 28.8407 ], [ 93.9867, 28.80376 ], [ 94.0103, 28.77279 ], [ 93.93563, 28.66611 ], [ 93.8506, 28.70704 ], [ 93.78414, 28.66336 ], [ 93.73988, 28.68455 ], [ 93.61945, 28.65339 ], [ 93.52241, 28.65907 ], [ 93.49615, 28.68597 ], [ 93.4705, 28.65265 ], [ 93.44597, 28.67472 ], [ 93.33336, 28.63908 ], [ 93.27774, 28.50131 ], [ 93.18045, 28.43488 ], [ 93.22422, 28.4055 ], [ 93.21796, 28.32608 ], [ 93.02234, 28.31039 ], [ 93.02827, 28.26869 ], [ 92.9973, 28.22943 ], [ 92.96271, 28.25856 ], [ 92.8361, 28.1791 ], [ 92.81477, 28.21104 ], [ 92.68795, 28.1274 ], [ 92.66654, 28.06375 ], [ 92.74243, 27.99259 ], [ 92.55621, 27.82436 ], [ 92.50336, 27.85395 ], [ 92.45627, 27.81412 ], [ 92.4163, 27.83055 ], [ 92.3851, 27.80063 ], [ 92.31277, 27.78849 ], [ 92.27754, 27.86909 ], [ 92.21866, 27.86951 ], [ 92.05143, 27.76393 ], [ 91.99353, 27.77118 ], [ 91.9277, 27.72259 ], [ 91.86219, 27.73969 ], [ 91.82068, 27.81596 ], [ 91.76131, 27.79996 ], [ 91.70983, 27.80797 ], [ 91.66318, 27.85295 ], [ 91.55627, 27.85621 ], [ 91.56667, 27.81794 ], [ 91.61464, 27.82185 ], [ 91.64507, 27.76945 ], [ 91.62855, 27.69943 ], [ 91.56218, 27.63185 ], [ 91.58437, 27.60822 ], [ 91.56603, 27.5839 ], [ 91.58215, 27.55676 ], [ 91.65245, 27.48304 ], [ 91.69506, 27.50533 ], [ 91.71462, 27.47454 ], [ 91.76697, 27.46476 ], [ 91.8486, 27.48646 ], [ 91.95337, 27.46003 ], [ 92.01631, 27.48077 ], [ 92.05847, 27.39971 ], [ 92.06458, 27.32698 ], [ 92.12282, 27.28736 ], [ 92.03775, 27.25744 ], [ 92.07257, 27.23311 ], [ 92.02672, 27.16828 ], [ 92.03052, 27.08096 ], [ 92.04412, 27.05136 ], [ 92.08175, 27.04082 ], [ 92.12098, 26.96036 ], [ 92.10265, 26.86717 ], [ 92.05672, 26.84739 ], [ 91.9835, 26.85819 ], [ 91.89174, 26.91906 ], [ 91.85911, 26.91334 ], [ 91.82415, 26.86404 ], [ 91.6898, 26.80645 ], [ 91.62552, 26.82087 ], [ 91.49511, 26.79121 ], [ 91.40765, 26.8396 ], [ 91.33725, 26.78086 ], [ 91.09756, 26.82199 ], [ 91.05406, 26.78099 ], [ 90.71728, 26.76827 ], [ 90.54661, 26.81664 ], [ 90.41748, 26.90453 ], [ 90.35724, 26.90071 ], [ 90.3003, 26.84822 ], [ 90.2252, 26.85476 ], [ 90.18767, 26.80681 ], [ 90.19452, 26.77327 ], [ 90.04957, 26.73037 ], [ 89.86292, 26.73707 ], [ 89.86308, 26.70056 ], [ 89.77137, 26.701 ], [ 89.7528, 26.73531 ], [ 89.72408, 26.72229 ], [ 89.67176, 26.73981 ], [ 89.62378, 26.71845 ], [ 89.64987, 26.77674 ], [ 89.56017, 26.81286 ], [ 89.46953, 26.80269 ], [ 89.43948, 26.84034 ], [ 89.38977, 26.84185 ], [ 89.37898, 26.86218 ], [ 89.2624, 26.81378 ], [ 89.13448, 26.80764 ], [ 89.10069, 26.84253 ], [ 89.0957, 26.89167 ], [ 89.04886, 26.89911 ], [ 89.02157, 26.94069 ], [ 88.98035, 26.91719 ], [ 88.94392, 26.93415 ], [ 88.95248, 26.96841 ], [ 88.92168, 26.99393 ], [ 88.87713, 26.94436 ], [ 88.87005, 27.10981 ], [ 88.74606, 27.14426 ], [ 88.78796, 27.18411 ], [ 88.8031, 27.24784 ], [ 88.90329, 27.27259 ], [ 88.91926, 27.32062 ], [ 88.86095, 27.38654 ], [ 88.83767, 27.37916 ], [ 88.8062, 27.4068 ], [ 88.77699, 27.46846 ], [ 88.79282, 27.5289 ], [ 88.76377, 27.56485 ], [ 88.84839, 27.66801 ], [ 88.85583, 27.81533 ], [ 88.88767, 27.85618 ], [ 88.87002, 27.9156 ], [ 88.83694, 27.92878 ], [ 88.83628, 28.01481 ], [ 88.75629, 28.07597 ], [ 88.67206, 28.07234 ], [ 88.60996, 28.12869 ], [ 88.61934, 28.09808 ], [ 88.55255, 28.08142 ], [ 88.5508, 28.03757 ], [ 88.49562, 28.05393 ], [ 88.39907, 27.97804 ], [ 88.35227, 27.98995 ], [ 88.25108, 27.94235 ], [ 88.23717, 27.97085 ], [ 88.20534, 27.94156 ], [ 88.14521, 27.96408 ], [ 88.11958, 27.916 ], [ 88.13992, 27.8775 ], [ 88.19639, 27.85379 ], [ 88.17358, 27.8203 ], [ 88.19717, 27.79117 ], [ 88.04408, 27.49581 ], [ 88.07506, 27.43322 ], [ 88.04157, 27.37293 ], [ 88.06693, 27.33577 ], [ 88.03205, 27.28639 ], [ 88.01922, 27.17105 ], [ 87.98683, 27.11904 ], [ 88.03785, 27.03632 ], [ 88.07769, 27.03542 ], [ 88.1344, 26.98624 ], [ 88.12013, 26.95071 ], [ 88.17397, 26.86532 ], [ 88.18717, 26.74868 ], [ 88.1603, 26.63644 ], [ 88.09802, 26.53787 ], [ 88.0956, 26.43908 ], [ 88.00658, 26.361 ], [ 87.99192, 26.39256 ], [ 87.92694, 26.4178 ], [ 87.88829, 26.48676 ], [ 87.84883, 26.43646 ], [ 87.78951, 26.46943 ], [ 87.76476, 26.40988 ], [ 87.67756, 26.43546 ], [ 87.65188, 26.39342 ], [ 87.6104, 26.38078 ], [ 87.46377, 26.43951 ], [ 87.36889, 26.40794 ], [ 87.34109, 26.34752 ], [ 87.26602, 26.37388 ], [ 87.26105, 26.40927 ], [ 87.16256, 26.4039 ], [ 87.09165, 26.45029 ], [ 87.07182, 26.58581 ], [ 87.04467, 26.58723 ], [ 87.01536, 26.53204 ], [ 86.93216, 26.51695 ], [ 86.92999, 26.48968 ], [ 86.89168, 26.48619 ], [ 86.89423, 26.46193 ], [ 86.83377, 26.4391 ], [ 86.7665, 26.45944 ], [ 86.7314, 26.42262 ], [ 86.57025, 26.49656 ], [ 86.54155, 26.53872 ], [ 86.33289, 26.61914 ], [ 86.25269, 26.61711 ], [ 86.21768, 26.58848 ], [ 86.19224, 26.61484 ], [ 86.13633, 26.60634 ], [ 86.13876, 26.62885 ], [ 86.02758, 26.66679 ], [ 85.96012, 26.65101 ], [ 85.94818, 26.61396 ], [ 85.84921, 26.569 ], [ 85.85126, 26.60868 ], [ 85.81774, 26.6028 ], [ 85.73418, 26.65076 ], [ 85.73448, 26.79587 ], [ 85.63455, 26.87221 ], [ 85.58566, 26.84736 ], [ 85.57556, 26.86099 ], [ 85.45456, 26.78178 ], [ 85.40774, 26.79135 ], [ 85.33451, 26.74167 ], [ 85.21262, 26.758 ], [ 85.17674, 26.80962 ], [ 85.19084, 26.86982 ], [ 85.02397, 26.85438 ], [ 85.0612, 26.88659 ], [ 84.96806, 26.91614 ], [ 84.96258, 26.96053 ], [ 84.89158, 26.96968 ], [ 84.8254, 27.02091 ], [ 84.79356, 26.99584 ], [ 84.77342, 27.01774 ], [ 84.75674, 27.00285 ], [ 84.64339, 27.04614 ], [ 84.67449, 27.09591 ], [ 84.69114, 27.21482 ], [ 84.62189, 27.33693 ], [ 84.29238, 27.38481 ], [ 84.25426, 27.45405 ], [ 84.20893, 27.4426 ], [ 84.20542, 27.47043 ], [ 84.14913, 27.48591 ], [ 84.14586, 27.51866 ], [ 84.0977, 27.51709 ], [ 84.09484, 27.48902 ], [ 84.02693, 27.43354 ], [ 83.84829, 27.44636 ], [ 83.83311, 27.42508 ], [ 83.88317, 27.37656 ], [ 83.86379, 27.34701 ], [ 83.61425, 27.46944 ], [ 83.38818, 27.47976 ], [ 83.40174, 27.45754 ], [ 83.38391, 27.43628 ], [ 83.40934, 27.41281 ], [ 83.35923, 27.34326 ], [ 83.31759, 27.33016 ], [ 83.27243, 27.35263 ], [ 83.27215, 27.38335 ], [ 83.18795, 27.45432 ], [ 83.03457, 27.44872 ], [ 82.95409, 27.46773 ], [ 82.92929, 27.50119 ], [ 82.73555, 27.50235 ], [ 82.75577, 27.5878 ], [ 82.7115, 27.66529 ], [ 82.70765, 27.72292 ], [ 82.44867, 27.67932 ], [ 82.20831, 27.84358 ], [ 82.12138, 27.86585 ], [ 82.06996, 27.92365 ], [ 81.96832, 27.92912 ], [ 81.92585, 27.85983 ], [ 81.88496, 27.85695 ], [ 81.69844, 27.98819 ], [ 81.62399, 28.0016 ], [ 81.47828, 28.08271 ], [ 81.48401, 28.11857 ], [ 81.44668, 28.16102 ], [ 81.37351, 28.1773 ], [ 81.37108, 28.14349 ], [ 81.31803, 28.13367 ], [ 81.32806, 28.14808 ], [ 81.302, 28.16476 ], [ 81.32094, 28.19755 ], [ 81.23264, 28.28915 ], [ 81.2106, 28.36083 ], [ 81.07974, 28.38506 ], [ 81.03567, 28.41358 ], [ 81.03383, 28.3989 ], [ 81.01676, 28.45129 ], [ 80.97883, 28.43415 ], [ 80.96464, 28.44484 ], [ 80.98017, 28.45524 ], [ 80.91541, 28.45764 ], [ 80.89609, 28.50702 ], [ 80.86152, 28.50439 ], [ 80.86595, 28.48958 ], [ 80.78919, 28.52452 ], [ 80.7686, 28.56591 ], [ 80.69045, 28.5876 ], [ 80.66763, 28.64219 ], [ 80.58945, 28.64804 ], [ 80.59052, 28.68004 ], [ 80.56866, 28.68813 ], [ 80.50338, 28.66514 ], [ 80.51762, 28.55196 ], [ 80.46868, 28.58353 ], [ 80.45084, 28.62954 ], [ 80.361, 28.63526 ], [ 80.31712, 28.70014 ], [ 80.25652, 28.72925 ], [ 80.25658, 28.75425 ], [ 80.21599, 28.75557 ], [ 80.11805, 28.82898 ], [ 80.07482, 28.82449 ], [ 80.05847, 28.91663 ], [ 80.13542, 29.0074 ], [ 80.14287, 29.09952 ], [ 80.18319, 29.13718 ], [ 80.23304, 29.11849 ], [ 80.27205, 29.1413 ], [ 80.2488, 29.22123 ], [ 80.29738, 29.20493 ], [ 80.31688, 29.31525 ], [ 80.24215, 29.41138 ], [ 80.24224, 29.44288 ], [ 80.30178, 29.45278 ], [ 80.28694, 29.47698 ], [ 80.34967, 29.51921 ], [ 80.34247, 29.55277 ], [ 80.40794, 29.59597 ], [ 80.42026, 29.63833 ], [ 80.38417, 29.67509 ], [ 80.36587, 29.74842 ], [ 80.43503, 29.80597 ], [ 80.49386, 29.7958 ], [ 80.55312, 29.85134 ], [ 80.60185, 29.95813 ], [ 80.67455, 29.95721 ], [ 80.74456, 30.00385 ], [ 80.76103, 30.04952 ], [ 80.87477, 30.12649 ], [ 80.86776, 30.17387 ], [ 80.90273, 30.21538 ], [ 80.96005, 30.17899 ], [ 81.04328, 30.20456 ], [ 81.03321, 30.24639 ], [ 80.82157, 30.31556 ], [ 80.75197, 30.3935 ], [ 80.59801, 30.47877 ], [ 80.53908, 30.4492 ], [ 80.41558, 30.52533 ], [ 80.38559, 30.51505 ], [ 80.28307, 30.57219 ], [ 80.25776, 30.55884 ], [ 80.22683, 30.57894 ], [ 80.22117, 30.64182 ], [ 80.19716, 30.66209 ], [ 80.19971, 30.68305 ], [ 80.23642, 30.69038 ], [ 80.23966, 30.76206 ], [ 80.21491, 30.74906 ], [ 80.17777, 30.80405 ], [ 80.11091, 30.7793 ], [ 80.05602, 30.84151 ], [ 79.96215, 30.89002 ], [ 79.9291, 30.88243 ], [ 79.86271, 30.97536 ], [ 79.81637, 30.97393 ], [ 79.75301, 31.00787 ], [ 79.71711, 30.976 ], [ 79.66499, 30.98292 ], [ 79.60346, 30.93265 ], [ 79.55255, 30.96007 ], [ 79.51903, 31.02671 ], [ 79.42476, 31.03049 ], [ 79.3988, 31.10779 ], [ 79.31748, 31.13672 ], [ 79.29262, 31.22122 ], [ 79.25187, 31.24302 ], [ 79.27186, 31.28319 ], [ 79.24648, 31.33004 ], [ 79.12742, 31.43486 ], [ 79.06174, 31.46135 ], [ 79.01083, 31.35708 ], [ 78.94759, 31.31952 ], [ 78.93269, 31.25294 ], [ 78.90377, 31.25889 ], [ 78.85465, 31.32346 ], [ 78.85877, 31.36637 ], [ 78.79201, 31.39554 ], [ 78.81278, 31.44974 ], [ 78.76663, 31.48642 ], [ 78.73624, 31.48057 ], [ 78.72839, 31.51477 ], [ 78.85334, 31.60743 ], [ 78.79822, 31.68181 ], [ 78.75402, 31.68565 ], [ 78.74119, 31.75761 ], [ 78.70985, 31.78662 ], [ 78.78855, 31.99323 ], [ 78.71891, 32.03572 ], [ 78.6566, 32.11148 ], [ 78.61767, 32.11522 ], [ 78.59623, 32.15777 ], [ 78.61469, 32.20881 ], [ 78.58795, 32.2361 ], [ 78.46084, 32.24171 ], [ 78.48479, 32.34914 ], [ 78.53351, 32.41546 ], [ 78.49576, 32.42202 ], [ 78.46088, 32.46184 ], [ 78.46125, 32.5038 ], [ 78.40727, 32.5261 ], [ 78.45128, 32.5776 ], [ 78.56551, 32.61485 ], [ 78.60526, 32.59109 ], [ 78.64837, 32.64386 ], [ 78.70871, 32.65613 ], [ 78.7507, 32.69276 ], [ 78.74334, 32.65498 ], [ 78.78236, 32.59581 ], [ 78.75916, 32.56779 ], [ 78.8067, 32.44425 ], [ 78.97119, 32.33569 ], [ 79.00355, 32.37488 ], [ 79.09368, 32.37713 ], [ 79.13517, 32.4323 ], [ 79.12504, 32.46502 ], [ 79.18209, 32.47376 ], [ 79.25975, 32.52265 ], [ 79.30526, 32.58582 ], [ 79.37299, 32.56048 ], [ 79.38453, 32.5228 ], [ 79.42929, 32.52353 ], [ 79.60962, 32.72323 ], [ 79.3976, 32.96185 ], [ 79.3249, 33.01224 ], [ 79.38032, 33.02767 ], [ 79.37322, 33.10638 ], [ 79.44304, 33.20036 ], [ 79.44611, 33.25773 ], [ 79.22368, 33.29628 ], [ 79.10769, 33.28911 ], [ 78.97842, 33.33641 ], [ 78.92708, 33.45429 ], [ 78.94377, 33.52607 ], [ 78.90286, 33.62201 ], [ 79.10015, 33.61632 ], [ 79.078, 33.68608 ], [ 79.04632, 33.67383 ], [ 79.01611, 33.70226 ], [ 79.06045, 33.77583 ], [ 79.01319, 33.78294 ], [ 78.91832, 33.96392 ], [ 78.95321, 34.01313 ], [ 79.00115, 34.03361 ], [ 79.11265, 34.00894 ], [ 79.17293, 34.05829 ], [ 79.37367, 34.02675 ], [ 79.41551, 33.99901 ], [ 79.43745, 34.01265 ], [ 79.42111, 34.07594 ], [ 79.49595, 34.12445 ], [ 79.49369, 34.18468 ], [ 79.54006, 34.19131 ], [ 79.59214, 34.23582 ], [ 79.56894, 34.40059 ], [ 79.53163, 34.40875 ], [ 79.52215, 34.46362 ], [ 79.59839, 34.48676 ], [ 79.79144, 34.46675 ], [ 79.82104, 34.51446 ], [ 79.76978, 34.53778 ], [ 79.79438, 34.58054 ], [ 79.7766, 34.61038 ], [ 79.87826, 34.67486 ], [ 79.94466, 34.6609 ], [ 80.06531, 34.69286 ], [ 80.075, 34.80542 ], [ 80.1869, 35.008 ], [ 80.18503, 35.13063 ], [ 80.24266, 35.20802 ], [ 80.29848, 35.41699 ], [ 80.34508, 35.46117 ], [ 80.31171, 35.58796 ], [ 80.1289, 35.65673 ], [ 80.01569, 35.82616 ], [ 79.9677, 35.82518 ], [ 79.89896, 35.77511 ], [ 79.75109, 35.79692 ], [ 79.53623, 35.87964 ], [ 79.4402, 35.89408 ], [ 79.41035, 35.98598 ], [ 79.35803, 35.99173 ], [ 79.2309, 35.97216 ], [ 79.20449, 35.9277 ], [ 79.21276, 35.87787 ], [ 79.16467, 35.83819 ], [ 79.03225, 35.84772 ], [ 78.9692, 35.89017 ], [ 78.83907, 35.85612 ], [ 78.67331, 35.8542 ], [ 78.53416, 35.76251 ], [ 78.44267, 35.78364 ], [ 78.40386, 35.73585 ], [ 78.27695, 35.71837 ], [ 78.26561, 35.64742 ], [ 78.21205, 35.666 ], [ 78.19744, 35.62284 ], [ 78.16983, 35.625 ], [ 78.16491, 35.55174 ], [ 78.13677, 35.53657 ], [ 77.95781, 35.60487 ], [ 77.93927, 35.50691 ], [ 77.98525, 35.4483 ], [ 77.92932, 35.49031 ], [ 77.91208, 35.46109 ], [ 77.82924, 35.5051 ], [ 77.78632, 35.48798 ], [ 77.73587, 35.5211 ], [ 77.72877, 35.47733 ], [ 77.68516, 35.46682 ], [ 77.6531, 35.48118 ], [ 77.62862, 35.46504 ], [ 77.49614, 35.47778 ], [ 77.44366, 35.45946 ], [ 77.38524, 35.47386 ], [ 77.33204, 35.53035 ], [ 77.38866, 35.53944 ], [ 77.43052, 35.51367 ], [ 77.48276, 35.52962 ], [ 77.43794, 35.65614 ], [ 77.41156, 35.65626 ], [ 77.36587, 35.71519 ], [ 77.32107, 35.70105 ], [ 77.28744, 35.72259 ], [ 77.25834, 35.70432 ], [ 77.17968, 35.73022 ], [ 77.17636, 35.76813 ], [ 77.11566, 35.79811 ], [ 77.001, 35.77556 ], [ 76.80748, 35.84975 ], [ 76.73214, 35.95464 ], [ 76.81369, 36.04063 ], [ 76.72009, 36.0977 ], [ 76.71112, 36.14013 ], [ 76.65592, 36.19218 ], [ 76.59409, 36.17832 ], [ 76.48098, 36.21973 ], [ 76.43678, 36.25783 ], [ 76.4375, 36.31035 ], [ 76.35393, 36.36945 ], [ 76.2665, 36.35884 ], [ 76.16395, 36.40645 ], [ 76.07115, 36.48424 ], [ 75.80702, 36.56342 ], [ 75.74442, 36.6077 ], [ 75.61272, 36.77527 ], [ 75.46327, 36.83031 ], [ 75.44982, 36.88893 ], [ 75.40692, 36.90803 ], [ 75.41845, 36.9724 ], [ 75.35443, 36.98848 ], [ 75.34131, 37.06076 ], [ 75.21096, 37.05002 ], [ 75.10915, 36.9619 ], [ 75.01567, 36.99072 ], [ 74.91558, 36.92026 ], [ 74.83479, 37.00526 ], [ 74.8389, 37.03584 ], [ 74.76905, 37.04122 ], [ 74.74942, 37.01939 ], [ 74.69012, 37.08814 ] ] ] ] } }
]
}
